title,date,desc,description,source
"Hendak Menyeberang, Kakek 62 Tahun Tewas Tertabrak KA di Jaktim","Kamis, 20 Okt 2022 18:03 WIB","['<div class=""detail__body-text itp_bodycontent"">\r\n\r\n                    <strong>Jakarta</strong> - <p>Seorang kakek berusia 62 tahun tewas <a href=""https://www.detik.com/tag/tewas-tertabrak-kereta"">tertabrak kereta api </a>di perlintasan kereta api Kayu Manis Barat, Matraman, Jakarta Timur (Jaktim). Korban berinisial IND diduga ingin menyeberang dan terserempet kereta yang akan melintas di lokasi.</p><p>""Korban menyeberang dari Jl Pembina ke Kayu Manis Barat dan terserempet KA tersebut dan Meninggal dunia di tempat,"" ungkap Kapolsek Matraman, Kompol Tribuana Seno menurut keterangan, Kamis (20/10/2022).</p><p>Seno menjelaskan <a href=""https://www.detik.com/tag/tertabrak-ka"">kecelakaan</a> terjadi siang tadi pukul 14.30 WIB. Saat itu, korban sedang berjalan di pinggir rel kereta api untuk menyeberang.</p><!--s:parallaxindetail--><div class=""clearfix""></div><style>\r\n      @import url(""https://cdnstatic.detik.com/live/_rmbassets/2022/parallax/parallax.css"");\r\n</style>\r\n<div class=""paradetail"" style=""display:none; padding-top: 16px;margin-bottom: 24px;"">     \r\n  <p id=""para_caption"" style=""margin:0px;font-size:12px;padding:5px 0 5px 0; background-color:#204099;color:white;text-align:center;width:100%;left:0;display:block;"">\r\n    ADVERTISEMENT\r\n  </p>\r\n  <div class=""para paraA"">\r\n        <div class=""para_abs"">\r\n          <div class=""para_fix"">\r\n                <div class=""para_ads"">\r\n                  <center>\r\n                        <!-- /4905536/detik_desktop/news/parallax_detail -->\r\n<div id=""div-gpt-ad-1572507980488-0"" style=""min-width: 300px; min-height: 250px;"">\r\n  <script>\r\n    googletag.cmd.push(function() { googletag.display(\'div-gpt-ad-1572507980488-0\'); });\r\n  </script>\r\n</div>\r\n                  </center>\r\n                </div>\r\n          </div>\r\n        </div>\r\n  </div>\r\n  <p id=""para_caption2"" style=""margin:-20px 0px;font-size:12px;padding:5px 0 5px 0;background-color:#204099;color:white;text-align:center;width:100%;left:0;display:block;"">\r\n        SCROLL TO RESUME CONTENT\r\n  </p>\r\n  <script>\r\n  function paraA(e) {\r\n  var p = $(e);\r\n  $(e + "" .para_fix"").width(p.width());\r\n  }\r\n  $("".paraA iframe"").on(""load"", paraA("".paraA""));\r\n  </script>\r\n</div><!--e:parallaxindetail--><p></p><table class=""linksisip""><tbody><tr><td><div class=""lihatjg""><strong>Baca juga: </strong><a data-label=""List Berita"" data-action=""Berita Pilihan"" data-category=""Detil Artikel"" href=""https://www.detik.com/jateng/jogja/d-6359754/seorang-nenek-tewas-tertabrak-ka-di-perlintasan-tanpa-palang-kulon-progo"">Seorang Nenek Tewas Tertabrak KA di Perlintasan Tanpa Palang Kulon Progo</a></div></td></tr></tbody></table><p></p><p>Nahas, korban terserempet dan <a href=""https://www.detik.com/tag/tertabrak-kereta"">meninggal dunia</a> di lokasi dengan luka berat di tubuhnya.</p><p>""Telah dilakukan pemeriksaan pada tubuh korban didapat luka sobek pada bagian kepala, tangan patah kanan dan kiri,"" tuturnya.</p><p>Korban saat ini sudah dievakuasi dan dibawa ke RSCM untuk dilakukan visum. Barang bukti yang temukan polisi berupa satu lembar kartu Komputerland, satu buah kartu JakLingko, dan satu lembar kartu vaksin Covid-19.</p><table class=""linksisip""><tbody><tr><td><div class=""lihatjg""><strong>Baca juga: </strong><a data-label=""List Berita"" data-action=""Berita Pilihan"" data-category=""Detil Artikel"" href=""https://www.detik.com/jatim/berita/d-6345924/taruna-tertabrak-kereta-api-di-nganjuk-dua-penumpang-tewas"">Taruna Tertabrak Kereta Api di Nganjuk, Dua Penumpang Tewas</a></div></td></tr></tbody></table>        \r\n\t\t\r\n        <strong>(mea/mea)</strong>\r\n        <div class=""detail__body-tag mgt-16"">\r\n            <div class=""nav"">\r\n                \t\t\t\t<a class=""nav__item"" dtr-evt=""tag"" dtr-sec="""" dtr-act=""tag"" onclick=""_pt(this)"" dtr-ttl=""tewas tertabrak kereta"" href=""https://www.detik.com/tag/tewas-tertabrak-kereta/"">tewas tertabrak kereta</a>\t\t\t\t<a class=""nav__item"" dtr-evt=""tag"" dtr-sec="""" dtr-act=""tag"" onclick=""_pt(this)"" dtr-ttl=""tertabrak kereta"" href=""https://www.detik.com/tag/tertabrak-kereta/"">tertabrak kereta</a>\t\t\t\t<a class=""nav__item"" dtr-evt=""tag"" dtr-sec="""" dtr-act=""tag"" onclick=""_pt(this)"" dtr-ttl=""kecelakaan kereta"" href=""https://www.detik.com/tag/kecelakaan-kereta/"">kecelakaan kereta</a>\t\t\t\t<a class=""nav__item"" dtr-evt=""tag"" dtr-sec="""" dtr-act=""tag"" onclick=""_pt(this)"" dtr-ttl=""jabodetabek"" href=""https://www.detik.com/tag/jabodetabek/"">jabodetabek</a>            </div>\r\n        </div>\r\n\r\n        \r\n        \r\n    </div>']","\-

Seorang kakek berusia 62 tahun tewas tertabrak kereta api di perlintasan
kereta api Kayu Manis Barat, Matraman, Jakarta Timur (Jaktim). Korban
berinisial IND diduga ingin menyeberang dan terserempet kereta yang akan
melintas di lokasi.

""Korban menyeberang dari Jl Pembina ke Kayu Manis Barat dan terserempet KA
tersebut dan Meninggal dunia di tempat,"" ungkap Kapolsek Matraman, Kompol
Tribuana Seno menurut keterangan, Kamis (20/10/2022).

Seno menjelaskan kecelakaan terjadi siang tadi pukul 14.30 WIB. Saat itu,
korban sedang berjalan di pinggir rel kereta api untuk menyeberang.

ADVERTISEMENT

SCROLL TO RESUME CONTENT

Nahas, korban terserempet dan meninggal dunia di lokasi dengan luka berat di
tubuhnya.

""Telah dilakukan pemeriksaan pada tubuh korban didapat luka sobek pada bagian
kepala, tangan patah kanan dan kiri,"" tuturnya.

Korban saat ini sudah dievakuasi dan dibawa ke RSCM untuk dilakukan visum.
Barang bukti yang temukan polisi berupa satu lembar kartu Komputerland, satu
buah kartu JakLingko, dan satu lembar kartu vaksin Covid-19.

 ",www.detik.com
"Laka Truk Vs Mobil Sempat Macetkan Ungaran, Polisi: Tak Ada Korban Jiwa","Kamis, 20 Okt 2022 18:22 WIB","['<div class=""detail__body-text itp_bodycontent"">\n        <strong>Kab Semarang</strong> - <p>Kecelakaan truk menabrak mobil di Jalan Raya Semarang-Solo, Ungaran, Kabupaten Semarang, berakibat arus lalu lintas mengular hingga sekitar 1,4 kilometer siang tadi. Polisi menyebut tidak ada korban jiwa dalam kecelakaan tersebut.</p><p>Kanit Gakkum Satlantas Polres Semarang Iptu Sutarto mengatakan sopir mobil, Supono, hanya mengalami luka ringan meski mobilnya ringsek di bagian belakang.</p><p>""Tidak ada korban jiwa dalam kecelakaan ini. Untuk sopir Mobilio hanya mengalami luka ringan dan tidak mengalami cedera, jadi tidak dibawa ke rumah sakit. Kerugian material sampai Rp 10 juta oleh mobil Mobilio,"" kata Sutarto kepada wartawan, Kamis (20/10/2022).</p><!--s:parallaxindetail--><div class=""clearfix""></div><div id=""parallax1"">\r\n\r\n<!-- /4905536/detik_daerah_desktop/detik_jawatengah/parallax_detail -->\r\n<div id=""div-gpt-ad-1641805689161-0"">\r\n  <script>\r\n    googletag.cmd.push(function() { googletag.display(\'div-gpt-ad-1641805689161-0\'); });\r\n  </script>\r\n</div>\r\n\r\n</div>\r\n<br><!--e:parallaxindetail--><table class=""linksisip""><tbody><tr><td><div class=""lihatjg""><strong>Baca juga: </strong><a data-label=""List Berita"" data-action=""Berita Pilihan"" data-category=""Detil Artikel"" href=""https://www.detik.com/jateng/berita/d-6359495/truk-fuso-hantam-mobil-di-ungaran-jalan-semarang-solo-macet-14-km"">Truk Fuso Hantam Mobil di Ungaran, Jalan Semarang-Solo Macet 1,4 Km</a></div></td></tr></tbody></table><p>Dijelaskannya, kecelakaan terjadi karena sopir truk, Jasmadi (44), mengantuk sehingga menabrak mobil yang berjalan searah di depannya.</p><p>Saat itu truk bernopol H 1755 EJ berjalan dari arah Semarang menuju Bawen. Sesampai di seberang SPBU 44.505.02 Ungaran, truk menabrak mobil bernopol H 8593 BS yang dikemudikan oleh Supono.</p><p>""Karena sopir truk mengantuk lalu menabrak Mobilio yang mau menyeberang yang posisinya sudah di lajur kanan. Ini merupakan kelalaian dari sopir truk,"" ujarnya.</p><p>Saat ini dua kendaraan yang terlibat kecelakaan sudah dievakuasi dari lokasi kejadian. Kecelakaan ini dalam penanganan Polres Semarang.</p><p>Sementara itu, kemacetan lalu lintas yang sempat terjadi juga sudah terurai. Kini lalu lintas di Jalan Raya Semarang-Solo, Ungaran, Kabupaten Semarang, kembali normal.</p><p>Diberitakan sebelumnya, kecelakaan antara mobil Mobilio warna hitam dengan truk terjadi di Jalan Raya Semarang-Solo, Ungaran, Kabupaten Semarang. Kecelakaan terjadi sekitar pukul 13.40 WIB tadi.</p><table class=""linksisip""><tbody><tr><td><div class=""lihatjg""><strong>Baca juga: </strong><a data-label=""List Berita"" data-action=""Berita Pilihan"" data-category=""Detil Artikel"" href=""https://www.detik.com/jateng/berita/d-6359715/viral-rombongan-moge-nekat-lawan-arus-hindari-macet-di-batang-ini-faktanya"">Viral Rombongan Moge Nekat Lawan Arus Hindari Macet di Batang, Ini Faktanya</a></div></td></tr></tbody></table><p><strong>Lihat juga video \'Penampakan Bus Malam Tabrak 4 Rumah di Lamongan\':<br></strong></p><p><strong> </strong></p><p><a href=""https://20.detik.com/embed/221009061"" id=""idvideo20detik"" class=""embed video20detik"">[Gambas:Video 20detik]</a></p><p><strong><br><br></strong></p>\n\t\t\n        <strong>(rih/ahr)</strong>\n        <div class=""detail__body-tag mgt-16"">\n            <div class=""nav"">\n\n                \t\t\t\t<a class=""nav__item"" dtr-evt=""tag"" dtr-sec="""" dtr-act=""tag"" onclick=""_pt(this)"" dtr-idx="" 1"" dtr-ttl=""kecelakaan di semarang"" href=""https://www.detik.com/tag/kecelakaan-di-semarang/"">kecelakaan di semarang</a>\t\t\t\t<a class=""nav__item"" dtr-evt=""tag"" dtr-sec="""" dtr-act=""tag"" onclick=""_pt(this)"" dtr-idx="" 2"" dtr-ttl=""jalan semarang-solo"" href=""https://www.detik.com/tag/jalan-semarang_solo/"">jalan semarang-solo</a>\t\t\t\t<a class=""nav__item"" dtr-evt=""tag"" dtr-sec="""" dtr-act=""tag"" onclick=""_pt(this)"" dtr-idx="" 3"" dtr-ttl=""ungaran"" href=""https://www.detik.com/tag/ungaran/"">ungaran</a>\t\t\t\t<a class=""nav__item"" dtr-evt=""tag"" dtr-sec="""" dtr-act=""tag"" onclick=""_pt(this)"" dtr-idx="" 4"" dtr-ttl=""semarang"" href=""https://www.detik.com/tag/semarang/"">semarang</a>\t\t\t\t<a class=""nav__item"" dtr-evt=""tag"" dtr-sec="""" dtr-act=""tag"" onclick=""_pt(this)"" dtr-idx="" 5"" dtr-ttl=""berita jateng"" href=""https://www.detik.com/tag/berita-jateng/"">berita jateng</a>\n            </div>\n        </div>\n    </div>']","\-

Kecelakaan truk menabrak mobil di Jalan Raya Semarang-Solo, Ungaran, Kabupaten
Semarang, berakibat arus lalu lintas mengular hingga sekitar 1,4 kilometer
siang tadi. Polisi menyebut tidak ada korban jiwa dalam kecelakaan tersebut.

Kanit Gakkum Satlantas Polres Semarang Iptu Sutarto mengatakan sopir mobil,
Supono, hanya mengalami luka ringan meski mobilnya ringsek di bagian belakang.

""Tidak ada korban jiwa dalam kecelakaan ini. Untuk sopir Mobilio hanya
mengalami luka ringan dan tidak mengalami cedera, jadi tidak dibawa ke rumah
sakit. Kerugian material sampai Rp 10 juta oleh mobil Mobilio,"" kata Sutarto
kepada wartawan, Kamis (20/10/2022).

  

Dijelaskannya, kecelakaan terjadi karena sopir truk, Jasmadi (44), mengantuk
sehingga menabrak mobil yang berjalan searah di depannya.

Saat itu truk bernopol H 1755 EJ berjalan dari arah Semarang menuju Bawen.
Sesampai di seberang SPBU 44.505.02 Ungaran, truk menabrak mobil bernopol H
8593 BS yang dikemudikan oleh Supono.

""Karena sopir truk mengantuk lalu menabrak Mobilio yang mau menyeberang yang
posisinya sudah di lajur kanan. Ini merupakan kelalaian dari sopir truk,""
ujarnya.

Saat ini dua kendaraan yang terlibat kecelakaan sudah dievakuasi dari lokasi
kejadian. Kecelakaan ini dalam penanganan Polres Semarang.

Sementara itu, kemacetan lalu lintas yang sempat terjadi juga sudah terurai.
Kini lalu lintas di Jalan Raya Semarang-Solo, Ungaran, Kabupaten Semarang,
kembali normal.

Diberitakan sebelumnya, kecelakaan antara mobil Mobilio warna hitam dengan
truk terjadi di Jalan Raya Semarang-Solo, Ungaran, Kabupaten Semarang.
Kecelakaan terjadi sekitar pukul 13.40 WIB tadi.

[Gambas:Video 20detik]

 ",www.detik.com
"Melihat Crash Team 2022, Simulasi Penanganan Insiden Penerbangan di YIA","Kamis, 20 Okt 2022 18:01 WIB","['<div class=""detail__body-text itp_bodycontent"">\n        <strong>Kulon Progo</strong> - <p>Proses penyelamatan awak pesawat ditunjukkan dalam simulasi penanganan insiden penerbangan di Yogyakarta International Airport (YIA), Kabupaten Kulon Progo, Daerah Istimewa Yogyakarta (DIY). Seperti apa prosesnya?</p><p>Simulasi ini diawali dengan mendaratnya sebuah pesawat latih di Bandara YIA. Ini merupakan pendaratan darurat, karena terjadi masalah pada mesin pesawat tersebut.</p><p>Melihat hal itu, belasan personel dari tim Fire Station YIA langsung terjun ke lokasi kejadian. Tim ini bertugas mengamankan situasi dan mengevakuasi awak kabin menuju rumah sakit rujukan. Proses evakuasi berlangsung sekitar 20 menit hingga situasi bisa dikendalikan.</p><!--s:parallaxindetail--><div class=""clearfix""></div><div id=""parallax1"">\r\n\r\n<!-- /4905536/detik_daerah_desktop/detik_jawatengah/parallax_detail -->\r\n<div id=""div-gpt-ad-1641805689161-0"">\r\n  <script>\r\n    googletag.cmd.push(function() { googletag.display(\'div-gpt-ad-1641805689161-0\'); });\r\n  </script>\r\n</div>\r\n\r\n</div>\r\n<br><!--e:parallaxindetail--><p>Simulasi bertajuk Crash Team 2022 ini diinisiasi oleh Lanud Adisutjipto. Komandan Lanud Adisutjipto, Yogyakarta, Marsma TNI Azhar Aditama, mengatakan kegiatan ini merupakan program rutin tahunan untuk memberikan bekal pengetahuan dan pemahaman serta melatih personel di jajaran Lanud Adisutjipto terhadap penanganan kecelakaan pesawat terbang dan cara penyelamatan awak pesawat.</p><p>Namun ada yang berbeda dalam simulasi Crash Team tahun ini. Jika sebelumnya hanya melibatkan jajaran Lanud Adisutjipto saja, kali ini turut menggandeng AirNav dan pengelola YIA.</p><p>""Nah karena dulu kan Jogja cuma ada Bandara Adisutjipto. Lalu ketika YIA ada, jadi potensi pengembangan penerbangan, sekaligus potensi terjadinya emergency di dua tempat (Adisutjipto dan YIA), untuk itu mulai tahun ini kami ajak seluruh komponen, dari Adisucipto dan YIA untuk bergabung sama-sama melatih kesiapan mereka menghadapi potensi emergency tersebut,"" Azhar di YIA, Kamis (20/10/2022) sore.</p><table class=""linksisip""><tbody><tr><td><div class=""lihatjg""><strong>Baca juga: </strong><a data-label=""List Berita"" data-action=""Berita Pilihan"" data-category=""Detil Artikel"" href=""https://www.detik.com/jateng/jogja/d-6348572/2-kalurahan-di-sedayu-bantul-bakal-kena-proyek-tol-jogja-bandara-yia"">2 Kalurahan di Sedayu Bantul Bakal Kena Proyek Tol Jogja-Bandara YIA</a></div></td></tr></tbody></table><p>Lewat kegiatan ini, Azhar berharap personel di lapangan bisa lebih sigap dalam menghadapi situasi darurat yang mengancam keselamatan penerbangan.</p><p>""Apabila terjadi suatu hal yang tidak diinginkan sudah bisa menanganinya secepat mungkin,"" ucapnya</p><p>Sementara itu, Pjs Airport Operation, Services, and Security Senior Manager Bandara YIA, Rahmat Febrian Syahrani mengatakan penanganan insiden penerbangan menjadi perhatian besar pihaknya. Karena itu sejak YIA berdiri, bandara ini telah dilengkapi dengan peralatan penunjang serta personel khusus untuk diterjunkan sewaktu-waktu jika terjadi insiden.</p><p>""Dari sisi peralatan dan personel kami sudah siap, kami juga sudah masuk kategori 8 jadi memang harus disiapkan seperti itu,"" ujarnya.</p><p>""Latihan tadi itu sebenarnya sebagai menambah kepercayaan diri teman-teman yang sudah dilatih, dan nanti 2023 rencana ada latihan skala besar. Jadi Ini termasuk latihan awal di mana kita sudah menguji SOP seperti apa, alur komunikasi seperti apa, dan sudah kita latih semuanya,"" imbuhnya.</p><table class=""linksisip""><tbody><tr><td><div class=""lihatjg""><strong>Baca juga: </strong><a data-label=""List Berita"" data-action=""Berita Pilihan"" data-category=""Detil Artikel"" href=""https://www.detik.com/jateng/jogja/d-6359754/seorang-nenek-tewas-tertabrak-ka-di-perlintasan-tanpa-palang-kulon-progo"">Seorang Nenek Tewas Tertabrak KA di Perlintasan Tanpa Palang Kulon Progo</a></div></td></tr></tbody></table>\n\t\t<br><br><strong>Simak Video ""<span id=""aevp_title"">Bobol Konter Seluler di Kulon Progo, Pelaku Diburu Polisi</span>""</strong><br>\n<a id=""aevp"" href=""https://20.detik.com/embed/220916080"" aevp-params="""" class=""embed video20detik"">[Gambas:Video 20detik]</a><br>\n\n        <strong>(aku/dil)</strong>\n        <div class=""detail__body-tag mgt-16"">\n            <div class=""nav"">\n\n                \t\t\t\t<a class=""nav__item"" dtr-evt=""tag"" dtr-sec="""" dtr-act=""tag"" onclick=""_pt(this)"" dtr-idx="" 1"" dtr-ttl=""berita jateng"" href=""https://www.detik.com/tag/berita-jateng/"">berita jateng</a>\t\t\t\t<a class=""nav__item"" dtr-evt=""tag"" dtr-sec="""" dtr-act=""tag"" onclick=""_pt(this)"" dtr-idx="" 2"" dtr-ttl=""berita jogja"" href=""https://www.detik.com/tag/berita-jogja/"">berita jogja</a>\t\t\t\t<a class=""nav__item"" dtr-evt=""tag"" dtr-sec="""" dtr-act=""tag"" onclick=""_pt(this)"" dtr-idx="" 3"" dtr-ttl=""kulon progo"" href=""https://www.detik.com/tag/kulon-progo/"">kulon progo</a>\t\t\t\t<a class=""nav__item"" dtr-evt=""tag"" dtr-sec="""" dtr-act=""tag"" onclick=""_pt(this)"" dtr-idx="" 4"" dtr-ttl=""bandara yia"" href=""https://www.detik.com/tag/bandara-yia/"">bandara yia</a>\t\t\t\t<a class=""nav__item"" dtr-evt=""tag"" dtr-sec="""" dtr-act=""tag"" onclick=""_pt(this)"" dtr-idx="" 5"" dtr-ttl=""crash team 2022"" href=""https://www.detik.com/tag/crash-team-2022/"">crash team 2022</a>\t\t\t\t<a class=""nav__item"" dtr-evt=""tag"" dtr-sec="""" dtr-act=""tag"" onclick=""_pt(this)"" dtr-idx="" 6"" dtr-ttl=""simulasi insiden penerbangan yia"" href=""https://www.detik.com/tag/simulasi-insiden-penerbangan-yia/"">simulasi insiden penerbangan yia</a>\n            </div>\n        </div>\n    </div>']","\-

Proses penyelamatan awak pesawat ditunjukkan dalam simulasi penanganan insiden
penerbangan di Yogyakarta International Airport (YIA), Kabupaten Kulon Progo,
Daerah Istimewa Yogyakarta (DIY). Seperti apa prosesnya?

Simulasi ini diawali dengan mendaratnya sebuah pesawat latih di Bandara YIA.
Ini merupakan pendaratan darurat, karena terjadi masalah pada mesin pesawat
tersebut.

Melihat hal itu, belasan personel dari tim Fire Station YIA langsung terjun ke
lokasi kejadian. Tim ini bertugas mengamankan situasi dan mengevakuasi awak
kabin menuju rumah sakit rujukan. Proses evakuasi berlangsung sekitar 20 menit
hingga situasi bisa dikendalikan.

  

Simulasi bertajuk Crash Team 2022 ini diinisiasi oleh Lanud Adisutjipto.
Komandan Lanud Adisutjipto, Yogyakarta, Marsma TNI Azhar Aditama, mengatakan
kegiatan ini merupakan program rutin tahunan untuk memberikan bekal
pengetahuan dan pemahaman serta melatih personel di jajaran Lanud Adisutjipto
terhadap penanganan kecelakaan pesawat terbang dan cara penyelamatan awak
pesawat.

Namun ada yang berbeda dalam simulasi Crash Team tahun ini. Jika sebelumnya
hanya melibatkan jajaran Lanud Adisutjipto saja, kali ini turut menggandeng
AirNav dan pengelola YIA.

""Nah karena dulu kan Jogja cuma ada Bandara Adisutjipto. Lalu ketika YIA ada,
jadi potensi pengembangan penerbangan, sekaligus potensi terjadinya emergency
di dua tempat (Adisutjipto dan YIA), untuk itu mulai tahun ini kami ajak
seluruh komponen, dari Adisucipto dan YIA untuk bergabung sama-sama melatih
kesiapan mereka menghadapi potensi emergency tersebut,"" Azhar di YIA, Kamis
(20/10/2022) sore.

Lewat kegiatan ini, Azhar berharap personel di lapangan bisa lebih sigap dalam
menghadapi situasi darurat yang mengancam keselamatan penerbangan.

""Apabila terjadi suatu hal yang tidak diinginkan sudah bisa menanganinya
secepat mungkin,"" ucapnya

Sementara itu, Pjs Airport Operation, Services, and Security Senior Manager
Bandara YIA, Rahmat Febrian Syahrani mengatakan penanganan insiden penerbangan
menjadi perhatian besar pihaknya. Karena itu sejak YIA berdiri, bandara ini
telah dilengkapi dengan peralatan penunjang serta personel khusus untuk
diterjunkan sewaktu-waktu jika terjadi insiden.

""Dari sisi peralatan dan personel kami sudah siap, kami juga sudah masuk
kategori 8 jadi memang harus disiapkan seperti itu,"" ujarnya.

""Latihan tadi itu sebenarnya sebagai menambah kepercayaan diri teman-teman
yang sudah dilatih, dan nanti 2023 rencana ada latihan skala besar. Jadi Ini
termasuk latihan awal di mana kita sudah menguji SOP seperti apa, alur
komunikasi seperti apa, dan sudah kita latih semuanya,"" imbuhnya.

  
  
  
[Gambas:Video 20detik]  

 ",www.detik.com
"Diduga Terjatuh dari Lantai Tiga, Buruh Cat di Tabanan Tewas","Kamis, 20 Okt 2022 18:06 WIB","['<div class=""detail__body-text itp_bodycontent"">\n        <strong>Tabanan</strong> - <p>Seorang buruh cat bernama Ni Wayan Sulasri (44) diduga meninggal karena terjatuh dari lantai tiga kantor BPR Luhur Damai di Banjar Batugaing, Desa Beraban, Kecamatan Kediri, Tabanan, Kamis (20/10/2022). Ia terjatuh dari dak beton tempat tower air sekitar pukul 10.00 Wita.</p><p>Kapolsek Kediri, Kompol I Kadek Ardika, membenarkan terjadinya kecelakaan kerja itu. ""Olah TKP (tempat kejadian perkara) dan identifikasi sudah dilaksanakan,"" jelas Ardika.</p><table class=""linksisip""><tbody><tr><td><div class=""lihatjg""><strong>Baca juga: </strong><a data-label=""List Berita"" data-action=""Berita Pilihan"" data-category=""Detil Artikel"" href=""https://www.detik.com/bali/berita/d-6359651/truk-langgar-rambu-hajar-motor-mahasiswi-buleleng-tewas"">Truk Langgar Rambu Hajar Motor, Mahasiswi Buleleng Tewas</a></div></td></tr></tbody></table><p>Berdasarkan hasil pemeriksaan saksi, korban dan dua orang rekan kerjanya mulai bekerja sekitar pukul 08.00 Wita. Salah seorang dari teman korban kemudian pergi mencari ember. Sementara korban melanjutkan pekerjaannya bersama saksi Ni Wayan Sulasri.</p><!--s:parallaxindetail--><div class=""clearfix""></div><div id=""parallax1"">\r\n\r\n<!-- /4905536/detik_daerah_desktop/detik_bali/parallax_detail -->\r\n<div id=""div-gpt-ad-1646727619205-0"" style=""width: 300px; margin: auto;"">\r\n  <script>\r\n    googletag.cmd.push(function() { googletag.display(\'div-gpt-ad-1646727619205-0\'); });\r\n  </script>\r\n</div>\r\n\r\n</div>\r\n<br><!--e:parallaxindetail--><p>Sekitar pukul 10.00 Wita, teman korban yang tadinya cari ember tiba di lokasi kejadian dan melihat saksi Nuriati masih mengecat di lantai tiga. Teman korban tersebut kemudian bertanya kepada saksi Nuriati mengenai keberadaan korban.</p><p>Saksi Nuriati kemudian memanggil korban yang saat itu mengecat di dak beton tempat tower air. Lantaran tidak ada jawaban, saksi Nuriati kemudian memeriksa ke atas dak beton. Namun, korban tidak ada di lokasi itu.</p><p>Saksi kemudian melihat ke arah bawah. Benar saja, ia mendapati korban ada di bawah dalam keadaan tertelungkup.</p><table class=""linksisip""><tbody><tr><td><div class=""lihatjg""><strong>Baca juga: </strong><a data-label=""List Berita"" data-action=""Berita Pilihan"" data-category=""Detil Artikel"" href=""https://www.detik.com/bali/berita/d-6359440/bocah-7-tahun-di-buleleng-meninggal-usai-digigit-anjing-tetangga"">Bocah 7 Tahun di Buleleng Meninggal Usai Digigit Anjing Tetangga</a></div></td></tr></tbody></table><p>Selanjutnya saksi Nuriati memberitahukan temannya bahwa korban ada di bawah. Kedua saksi itu kemudian ke bawah untuk memeriksa keadaan korban.</p><p>Saat itulah mereka mengetahui korban sudah meninggal dunia. Kedua saksi ini kemudian melaporkan kejadian ini ke Polisi.</p><p>""Untuk penyebabnya masih dalam penyelidikan. Karena saksi-saksi, teman korban, tidak ada melihat langsung saat kejadian. Mereka mendapati korban sudah ada di bawah,"" pungkasnya.</p>\n\t\t<br><br><strong>Simak Video ""<span id=""aevp_title"">Geger Temuan Paus Terdampar di Jembrana</span>""</strong><br>\n<a id=""aevp"" href=""https://20.detik.com/embed/220917041"" aevp-params="""" class=""embed video20detik"">[Gambas:Video 20detik]</a><br>\n\n        <strong>(iws/hsa)</strong>\n        <div class=""detail__body-tag mgt-16"">\n            <div class=""nav"">\n\n                \t\t\t\t<a class=""nav__item"" dtr-evt=""tag"" dtr-sec="""" dtr-act=""tag"" onclick=""_pt(this)"" dtr-idx="" 1"" dtr-ttl=""berita tabanan"" href=""https://www.detik.com/tag/berita-tabanan/"">berita tabanan</a>\t\t\t\t<a class=""nav__item"" dtr-evt=""tag"" dtr-sec="""" dtr-act=""tag"" onclick=""_pt(this)"" dtr-idx="" 2"" dtr-ttl=""detikbali"" href=""https://www.detik.com/tag/detikbali/"">detikbali</a>\t\t\t\t<a class=""nav__item"" dtr-evt=""tag"" dtr-sec="""" dtr-act=""tag"" onclick=""_pt(this)"" dtr-idx="" 3"" dtr-ttl=""buruh cat tewas di tabanan"" href=""https://www.detik.com/tag/buruh-cat-tewas-di-tabanan/"">buruh cat tewas di tabanan</a>\t\t\t\t<a class=""nav__item"" dtr-evt=""tag"" dtr-sec="""" dtr-act=""tag"" onclick=""_pt(this)"" dtr-idx="" 4"" dtr-ttl=""polsek kediri"" href=""https://www.detik.com/tag/polsek-kediri/"">polsek kediri</a>\t\t\t\t<a class=""nav__item"" dtr-evt=""tag"" dtr-sec="""" dtr-act=""tag"" onclick=""_pt(this)"" dtr-idx="" 5"" dtr-ttl=""buruh tewas di tabanan"" href=""https://www.detik.com/tag/buruh-tewas-di-tabanan/"">buruh tewas di tabanan</a>\n            </div>\n        </div>\n    </div>']","\-

Seorang buruh cat bernama Ni Wayan Sulasri (44) diduga meninggal karena
terjatuh dari lantai tiga kantor BPR Luhur Damai di Banjar Batugaing, Desa
Beraban, Kecamatan Kediri, Tabanan, Kamis (20/10/2022). Ia terjatuh dari dak
beton tempat tower air sekitar pukul 10.00 Wita.

Kapolsek Kediri, Kompol I Kadek Ardika, membenarkan terjadinya kecelakaan
kerja itu. ""Olah TKP (tempat kejadian perkara) dan identifikasi sudah
dilaksanakan,"" jelas Ardika.

Berdasarkan hasil pemeriksaan saksi, korban dan dua orang rekan kerjanya mulai
bekerja sekitar pukul 08.00 Wita. Salah seorang dari teman korban kemudian
pergi mencari ember. Sementara korban melanjutkan pekerjaannya bersama saksi
Ni Wayan Sulasri.

  

Sekitar pukul 10.00 Wita, teman korban yang tadinya cari ember tiba di lokasi
kejadian dan melihat saksi Nuriati masih mengecat di lantai tiga. Teman korban
tersebut kemudian bertanya kepada saksi Nuriati mengenai keberadaan korban.

Saksi Nuriati kemudian memanggil korban yang saat itu mengecat di dak beton
tempat tower air. Lantaran tidak ada jawaban, saksi Nuriati kemudian memeriksa
ke atas dak beton. Namun, korban tidak ada di lokasi itu.

Saksi kemudian melihat ke arah bawah. Benar saja, ia mendapati korban ada di
bawah dalam keadaan tertelungkup.

Selanjutnya saksi Nuriati memberitahukan temannya bahwa korban ada di bawah.
Kedua saksi itu kemudian ke bawah untuk memeriksa keadaan korban.

Saat itulah mereka mengetahui korban sudah meninggal dunia. Kedua saksi ini
kemudian melaporkan kejadian ini ke Polisi.

""Untuk penyebabnya masih dalam penyelidikan. Karena saksi-saksi, teman korban,
tidak ada melihat langsung saat kejadian. Mereka mendapati korban sudah ada di
bawah,"" pungkasnya.

  
  
  
[Gambas:Video 20detik]  

 ",www.detik.com
Pemotor di Baubau Sultra Tewas Mengenaskan Dilindas Truk,"Kamis, 20 Okt 2022 21:31 WIB","['<div class=""detail__body-text itp_bodycontent"">\n        <strong>Baubau</strong> - <p>Pengendara motor bernama Ramli Syawal (52) di <a href=""https://www.detik.com/tag/baubau"">Baubau</a>, Sulawesi Tenggara (Sultra) tewas mengenaskan dilindas truk. Kecelakaan maut bermula saat korban mengerem mendadak dan keluar jalur.</p><p>""Iya benar (korban meninggal),"" ujar Kapolres Baubau AKBP Erwin Pratomo saat dimintai konfirmasi <strong>detikcom</strong>, Kamis (20/10/2022).</p><p>Insiden itu terjadi di Jalan Anoa, Kelurahan Kadolomoko, Kecamatan Kokalukuna, Baubau, Rabu (19/10). Erwin mengatakan saat itu korban berusaha menghindari sebuah mobil yang berada di depannya dengan cara rem mendadak.</p><!--s:parallaxindetail--><div class=""clearfix""></div>\r\n\r\n<div id=""parallax1"">\r\n\r\n<!-- /4905536/detik_daerah_desktop/detik_sulawesiselatan/parallax_detail -->\r\n<div id=""div-gpt-ad-1643357338786-0"" style=""width: 300px; margin: auto;"">\r\n  <script>\r\n    googletag.cmd.push(function() { googletag.display(\'div-gpt-ad-1643357338786-0\'); });\r\n  </script>\r\n</div>\r\n\r\n</div>\r\n<br><!--e:parallaxindetail--><table class=""linksisip""><tbody><tr><td><div class=""lihatjg""><strong>Baca juga: </strong><a data-label=""List Berita"" data-action=""Berita Pilihan"" data-category=""Detil Artikel"" href=""https://www.detik.com/sulsel/hukum-dan-kriminal/d-6255593/oknum-asn-dan-petani-terlibat-judi-togel-online-di-baubau-ditangkap"">Oknum ASN dan Petani Terlibat Judi Togel Online di Baubau Ditangkap</a></div></td></tr></tbody></table><p>Namun tindakan rem mendadak itu membuat korban hilang keseimbangan dan terjatuh. Selanjutnya korban terseret keluar dari jalurnya.</p><p>""Dan tiba-tiba saja datang sebuah mobil truk dari arah yang berlawanan langsung menabrak bagian depan sepeda motor korban kemudian melindas dan menyeret korban,"" katanya.</p><table class=""linksisip""><tbody><tr><td><div class=""lihatjg""><strong>Baca juga: </strong><a data-label=""List Berita"" data-action=""Berita Pilihan"" data-category=""Detil Artikel"" href=""https://www.detik.com/sulsel/berita/d-6355998/gempa-m-40-guncang-bombana-sultra-malam-ini-berpusat-di-darat"">Gempa M 4,0 Guncang Bombana Sultra Malam Ini, Berpusat di Darat</a></div></td></tr></tbody></table><p>Akibat insiden itu, polisi turun tangan melakukan olah TKP. Sopir truk inisial LC diamankan.</p><p>""(Sementara korban) sudah dibawa ke RSUD Palagimata Kota Baubau untuk dilakukan visum,"" katanya.</p>\n\t\t<br><br><strong>Simak Video ""<span id=""aevp_title"">Ringseknya Kendaraan Terlibat Kecelakaan Maut di Tol Batang</span>""</strong><br>\n<a id=""aevp"" href=""https://20.detik.com/embed/220905068"" aevp-params="""" class=""embed video20detik"">[Gambas:Video 20detik]</a><br>\n\n        <strong>(hmw/nvl)</strong>\n        <div class=""detail__body-tag mgt-16"">\n            <div class=""nav"">\n\n                \t\t\t\t<a class=""nav__item"" dtr-evt=""tag"" dtr-sec="""" dtr-act=""tag"" onclick=""_pt(this)"" dtr-idx="" 1"" dtr-ttl=""kecelakaan maut"" href=""https://www.detik.com/tag/kecelakaan-maut/"">kecelakaan maut</a>\t\t\t\t<a class=""nav__item"" dtr-evt=""tag"" dtr-sec="""" dtr-act=""tag"" onclick=""_pt(this)"" dtr-idx="" 2"" dtr-ttl=""kecelakaan di baubau"" href=""https://www.detik.com/tag/kecelakaan-di-baubau/"">kecelakaan di baubau</a>\t\t\t\t<a class=""nav__item"" dtr-evt=""tag"" dtr-sec="""" dtr-act=""tag"" onclick=""_pt(this)"" dtr-idx="" 3"" dtr-ttl=""pemotor tewas di baubau"" href=""https://www.detik.com/tag/pemotor-tewas-di-baubau/"">pemotor tewas di baubau</a>\t\t\t\t<a class=""nav__item"" dtr-evt=""tag"" dtr-sec="""" dtr-act=""tag"" onclick=""_pt(this)"" dtr-idx="" 4"" dtr-ttl=""baubau"" href=""https://www.detik.com/tag/baubau/"">baubau</a>\t\t\t\t<a class=""nav__item"" dtr-evt=""tag"" dtr-sec="""" dtr-act=""tag"" onclick=""_pt(this)"" dtr-idx="" 5"" dtr-ttl=""sultra"" href=""https://www.detik.com/tag/sultra/"">sultra</a>\n            </div>\n        </div>\n    </div>']","\-

Pengendara motor bernama Ramli Syawal (52) di Baubau, Sulawesi Tenggara
(Sultra) tewas mengenaskan dilindas truk. Kecelakaan maut bermula saat korban
mengerem mendadak dan keluar jalur.

""Iya benar (korban meninggal),"" ujar Kapolres Baubau AKBP Erwin Pratomo saat
dimintai konfirmasi , Kamis (20/10/2022).

Insiden itu terjadi di Jalan Anoa, Kelurahan Kadolomoko, Kecamatan Kokalukuna,
Baubau, Rabu (19/10). Erwin mengatakan saat itu korban berusaha menghindari
sebuah mobil yang berada di depannya dengan cara rem mendadak.

  

Namun tindakan rem mendadak itu membuat korban hilang keseimbangan dan
terjatuh. Selanjutnya korban terseret keluar dari jalurnya.

""Dan tiba-tiba saja datang sebuah mobil truk dari arah yang berlawanan
langsung menabrak bagian depan sepeda motor korban kemudian melindas dan
menyeret korban,"" katanya.

Akibat insiden itu, polisi turun tangan melakukan olah TKP. Sopir truk inisial
LC diamankan.

""(Sementara korban) sudah dibawa ke RSUD Palagimata Kota Baubau untuk
dilakukan visum,"" katanya.

  
  
  
[Gambas:Video 20detik]  

 ",www.detik.com
Misteri Larangan Warna Kuning di Sungai Lampa'an Labobo Sidrap,"Kamis, 20 Okt 2022 18:50 WIB","['<div class=""detail__body-text itp_bodycontent"">\n        <strong>Sidrap</strong> - <p>Sungai Lampa\'an Labobo di <a href=""https://www.detik.com/tag/kabupaten-sidrap"">Kabupaten Sidrap</a>, <a href=""https://www.detik.com/tag/sulawesi-selatan"">Sulawesi Selatan </a>(Sulsel) memiliki <a href=""https://www.detik.com/tag/kisah-mistis"">kisah mistis</a> yang banyak dipercaya masyarakat. Salah satunya pantangan menggunakan hal-hal yang berwarna kuning saat mengunjungi sungai ini.</p><p>Sungai Lampa\'an Labobo terletak di Kelurahan Batu, Kecamatan Pitu Riase, Kabupaten Sidrap. Sekitar 2 jam perjalanan dari pusat kota Sidrap.</p><p>Pengunjung Sungai Lampa\'an Labobo dilarang keras menggunakan sesuatu yang berwarna kuning termasuk perhiasan emas. Larangan ini telah menjadi kepercayaan turun temurun masyarakat di wilayah sungai.</p><!--s:parallaxindetail--><div class=""clearfix""></div>\r\n\r\n<div id=""parallax1"">\r\n\r\n<!-- /4905536/detik_daerah_desktop/detik_sulawesiselatan/parallax_detail -->\r\n<div id=""div-gpt-ad-1643357338786-0"" style=""width: 300px; margin: auto;"">\r\n  <script>\r\n    googletag.cmd.push(function() { googletag.display(\'div-gpt-ad-1643357338786-0\'); });\r\n  </script>\r\n</div>\r\n\r\n</div>\r\n<br><!--e:parallaxindetail--><p>""Kami sudah lama tahu dan menjaga tradisi (larangan berbaju kuning),"" ujar pengelola wisata sungai Lampa\'an Labobo, Muh. Zaenal Maarif kepada detikSulsel, jumat (13/10/2022).</p><p>Zaenal mengungkap, pernah ada peristiwa pengunjung yang kesurupan. Saat itu, yang ""masuk"" ke tubuh pengunjung mengaku sebagai penjaga Sungai Lampa\'an Labobo.</p><p>""Dia tunjuk orang yang pakai baju kuning dan melarang pakai baju kuning,"" paparnya.</p><p>Meski demikian Zaenal tidak mengetahui asal muasal larangan menggunakan warna kuning di Sungai Lampa\'an Labobo. Hanya saja kepercayaan tersebut ditanamkan secara turun menurun.</p><p>""Semua yang warna kuning dilarang. Mulai baju, celana, cincin emas juga termasuk dilarang dibawa ke sungai,"" imbuhnya.</p><table class=""linksisip""><tbody><tr><td><div class=""lihatjg""><strong>Baca juga: </strong><a data-label=""List Berita"" data-action=""Berita Pilihan"" data-category=""Detil Artikel"" href=""https://www.detik.com/sulsel/wisata/d-6350371/cerita-mistis-rujab-bupati-bone-yang-menyimpan-kisah-masa-lalu-tragis"">Cerita Mistis Rujab Bupati Bone yang Menyimpan Kisah Masa Lalu Tragis</a></div></td></tr></tbody></table><p>Zaenal melanjutkan, yang melanggar larangan ini bisa kesurupan hingga mendapatkan akibat fatal.</p><p>""Itu dipercaya bisa saja kecelakaan saat di lokasi atau saat pulang. Pernah ada yang nekat pakai pakaian kuning dia jatuh di sungai dan kakinya lecet-lecet,"" jelasnya.</p><h2>Sungai Sakral yang Dipercaya Dapat Kabulkan Doa</h2><p>Selain kepercayaan masyarakat terkait larangan di Sungai Lampa\'an Labobo, masyarakat juga percaya sungai tersebut dapat mengabulkan doa. Bahkan, pengunjung dari daerah lain ramai mengunjungi sungai tersebut untuk memanjatkan doa.</p><p>Zainal mengatakan pada tahun 2020 lalu, sungai ini ramai dikunjungi masyarakat setelah salah seorang pengunjung mengunggah kisah pengalaman seorang yang sembuh ketika mandi di sungai tersebut di media sosial Facebook. Kisah tersebut pun membuat heboh hingga banyak yang berdatangan ke sungai tersebut.</p><p>Akhirnya warga sekitar pun membuat balai-balai dan mushala kecil di sekitar sungai Lampa\'an Labobo. Mereka menyewakan balai dan juga ban yang dapat dipakai berenang pengunjung yang datang.</p><p>""Sempat ada yg masukkan di Facebook, katanya sembuh dari sana (sungai Lampa\'an Labobo). Itu jadi semakin ramai yang datang,"" jelasnya.</p><p>Soal khasiat sungai ini, Zaenal mengungkap banyak yang mengaku merasakan langsung. Antara lain ada pengunjung yang memiliki penyakit kemudian berdoa di sungai dan merasa doanya dikabulkan.</p><p>""Jadi misalnya ada yang mengaku dia punya penyakit tertentu, kemudian dia percaya sembuh setelah dari sini (sungai Lampa\'an Labobo) mandi,"" paparnya.</p><table class=""linksisip""><tbody><tr><td><div class=""lihatjg""><strong>Baca juga: </strong><a data-label=""List Berita"" data-action=""Berita Pilihan"" data-category=""Detil Artikel"" href=""https://www.detik.com/sulsel/budaya/d-6336978/mistis-tari-pakanna-bone-penari-wanita-kerasukan-roh-tusuk-diri-dengan-badik"">Mistis Tari Pakanna Bone, Penari Wanita Kerasukan Roh Tusuk Diri dengan Badik</a></div></td></tr></tbody></table><p>Selain itu, juga ia mengaku pernah mendengar ada seorang perempuan yang berniat ke Sungai Lampa\'an Labobo untuk meminta agar dapat jodoh. Ternyata sehabis dari mandi dan berdoa di sungai, doanya terkabul.</p><p>""Pernah juga ada kejadian, seorang wanita tidak ada jodoh setelah dia dari sungai (Lampa\'an Labobo) dia mendapatkan jodoh,"" paparnya.</p><h2>Dipercaya Sebagai Tempat Mandi Bidadari</h2><p>Adapun arti dari Lampa\'an Labobo menurut Zaenal merupakan bahasa dari masyarakat pegunungan di Sidrap yang berarti berarti sungai yang tenang. Secara filosofis dihubungkan bahwa air tersebut memberikan kesejukan dan dapat menenangkan jiwa dan raga.</p><p>""Jadi Lampa\'an Labobo kalau masyarakat di sini (pegunungan Sidrap) artinya sungai yang tenang. Ya coba kita ke sana, itu kita merasa sejuk dan tenang pikiran saat mandi atau merasakan airnya langsung,"" bebernya.</p><table class=""linksisip""><tbody><tr><td><div class=""lihatjg""><strong>Baca juga: </strong><a data-label=""List Berita"" data-action=""Berita Pilihan"" data-category=""Detil Artikel"" href=""https://www.detik.com/sulsel/wisata/d-6218120/danau-tolire-legenda-asal-usul-dan-kisah-misterinya"">Danau Tolire: Legenda Asal Usul dan Kisah Misterinya</a></div></td></tr></tbody></table><p>Di sisi lain, Sungai Lampa\'an Labobo juga menyimpan cerita legenda yakni dipercaya menjadi tempat mandi bidadari. Hal ini yang kemudian juga dihubungkan masyarakat bisa menjadi tempat terkabulnya doa dan menjadi penyembuh bagi yang punya penyakit.</p><p>""Dulu sungai itu menurut cerita yang berkembang tempat mandi bidadari. Sehingga orang hubung-hubungkan semua. Airnya tenang, bisa menyembuhkan, dan sampai berdoa disitu keinginan terwujud,"" rincinya.</p><h2>Misteri Dukun La Hitung</h2><p>Tidak hanya itu, Sungai Lampa\'an Labobo ternyata sejak lama sudah menjadi sungai yang dianggap mistis oleh masyarakat sekitar. Bahkan dulu ada seorang dukun yang setiap tahun mengadakan ritual di sungai tersebut.</p><p>Warga sekitar, Dalle menjelaskan sejak ia kecil ada seorang dukung bernama La Hitung yang sering mengadakan acara seperti menabuh gendang dan memberikan semacam persembahan ke Sungai Lampa\'an Labobo.</p><p>""Ada dukung namanya Pak La Hitung. Dia dukun di sini dia yang memimpin acara ritual setiap tahun,"" bebernya.</p><p>Prosesi yang dilaksanakan tersebut ditentukan waktunya sendiri oleh La Hitung. Dalle masih mengingat ada acara memainkan gendang dan sesajen ketika prosesi adat di Sungai Lampa\'an Labobo dimulai.</p><p>""Itu kalau pas berlangsung ritual banyak orang. Penuh itu di sekitar sungai. Main gendang dan juga ada perahu dari batang pisang di isi ketan, pisang dan sebagainya dan dilarutkan di sungai,"" jelasnya.</p><table class=""linksisip""><tbody><tr><td><div class=""lihatjg""><strong>Baca juga: </strong><a data-label=""List Berita"" data-action=""Berita Pilihan"" data-category=""Detil Artikel"" href=""https://www.detik.com/sulsel/wisata/d-5955696/5-cerita-mistis-villa-yuliana-soppeng-warisan-peninggalan-belanda"">5 Cerita Mistis Villa Yuliana Soppeng Warisan Peninggalan Belanda</a></div></td></tr></tbody></table><p>Hanya saja Dalle mengaku tidak mengerti proses ritual yang dilakukan La Hitung. Setelah La Hitung meninggal sudah tidak pernah lagi diakan ritual seperti yang dilakukan La Hitung.</p><p>""Setelah La Hitung meninggal tidak ada yang tahu caranya buat seperti itu jadi tidak ada yang lakukan lagi (ritual persembahan),"" tegasnya.</p>\n\t\t<br><br><strong>Simak Video ""<span id=""aevp_title"">Alasan Kisah Mistis Tetap Digemari Masyarakat Menurut Risa Saraswati</span>""</strong><br>\n<a id=""aevp"" href=""https://20.detik.com/embed/220520126"" aevp-params="""" class=""embed video20detik"">[Gambas:Video 20detik]</a><br>\n\n        <strong>(alk/nvl)</strong>\n        <div class=""detail__body-tag mgt-16"">\n            <div class=""nav"">\n\n                \t\t\t\t<a class=""nav__item"" dtr-evt=""tag"" dtr-sec="""" dtr-act=""tag"" onclick=""_pt(this)"" dtr-idx="" 1"" dtr-ttl=""kisah mistis"" href=""https://www.detik.com/tag/kisah-mistis/"">kisah mistis</a>\t\t\t\t<a class=""nav__item"" dtr-evt=""tag"" dtr-sec="""" dtr-act=""tag"" onclick=""_pt(this)"" dtr-idx="" 2"" dtr-ttl=""sungai keramat"" href=""https://www.detik.com/tag/sungai-keramat/"">sungai keramat</a>\t\t\t\t<a class=""nav__item"" dtr-evt=""tag"" dtr-sec="""" dtr-act=""tag"" onclick=""_pt(this)"" dtr-idx="" 3"" dtr-ttl=""sidrap"" href=""https://www.detik.com/tag/sidrap/"">sidrap</a>\t\t\t\t<a class=""nav__item"" dtr-evt=""tag"" dtr-sec="""" dtr-act=""tag"" onclick=""_pt(this)"" dtr-idx="" 4"" dtr-ttl=""sulawesi selatan"" href=""https://www.detik.com/tag/sulawesi-selatan/"">sulawesi selatan</a>\n            </div>\n        </div>\n    </div>']","\-

Sungai Lampa'an Labobo di Kabupaten Sidrap, Sulawesi Selatan (Sulsel) memiliki
kisah mistis yang banyak dipercaya masyarakat. Salah satunya pantangan
menggunakan hal-hal yang berwarna kuning saat mengunjungi sungai ini.

Sungai Lampa'an Labobo terletak di Kelurahan Batu, Kecamatan Pitu Riase,
Kabupaten Sidrap. Sekitar 2 jam perjalanan dari pusat kota Sidrap.

Pengunjung Sungai Lampa'an Labobo dilarang keras menggunakan sesuatu yang
berwarna kuning termasuk perhiasan emas. Larangan ini telah menjadi
kepercayaan turun temurun masyarakat di wilayah sungai.

  

""Kami sudah lama tahu dan menjaga tradisi (larangan berbaju kuning),"" ujar
pengelola wisata sungai Lampa'an Labobo, Muh. Zaenal Maarif kepada
detikSulsel, jumat (13/10/2022).

Zaenal mengungkap, pernah ada peristiwa pengunjung yang kesurupan. Saat itu,
yang ""masuk"" ke tubuh pengunjung mengaku sebagai penjaga Sungai Lampa'an
Labobo.

""Dia tunjuk orang yang pakai baju kuning dan melarang pakai baju kuning,""
paparnya.

Meski demikian Zaenal tidak mengetahui asal muasal larangan menggunakan warna
kuning di Sungai Lampa'an Labobo. Hanya saja kepercayaan tersebut ditanamkan
secara turun menurun.

""Semua yang warna kuning dilarang. Mulai baju, celana, cincin emas juga
termasuk dilarang dibawa ke sungai,"" imbuhnya.

Zaenal melanjutkan, yang melanggar larangan ini bisa kesurupan hingga
mendapatkan akibat fatal.

""Itu dipercaya bisa saja kecelakaan saat di lokasi atau saat pulang. Pernah
ada yang nekat pakai pakaian kuning dia jatuh di sungai dan kakinya lecet-
lecet,"" jelasnya.

## Sungai Sakral yang Dipercaya Dapat Kabulkan Doa

Selain kepercayaan masyarakat terkait larangan di Sungai Lampa'an Labobo,
masyarakat juga percaya sungai tersebut dapat mengabulkan doa. Bahkan,
pengunjung dari daerah lain ramai mengunjungi sungai tersebut untuk
memanjatkan doa.

Zainal mengatakan pada tahun 2020 lalu, sungai ini ramai dikunjungi masyarakat
setelah salah seorang pengunjung mengunggah kisah pengalaman seorang yang
sembuh ketika mandi di sungai tersebut di media sosial Facebook. Kisah
tersebut pun membuat heboh hingga banyak yang berdatangan ke sungai tersebut.

Akhirnya warga sekitar pun membuat balai-balai dan mushala kecil di sekitar
sungai Lampa'an Labobo. Mereka menyewakan balai dan juga ban yang dapat
dipakai berenang pengunjung yang datang.

""Sempat ada yg masukkan di Facebook, katanya sembuh dari sana (sungai Lampa'an
Labobo). Itu jadi semakin ramai yang datang,"" jelasnya.

Soal khasiat sungai ini, Zaenal mengungkap banyak yang mengaku merasakan
langsung. Antara lain ada pengunjung yang memiliki penyakit kemudian berdoa di
sungai dan merasa doanya dikabulkan.

""Jadi misalnya ada yang mengaku dia punya penyakit tertentu, kemudian dia
percaya sembuh setelah dari sini (sungai Lampa'an Labobo) mandi,"" paparnya.

Selain itu, juga ia mengaku pernah mendengar ada seorang perempuan yang
berniat ke Sungai Lampa'an Labobo untuk meminta agar dapat jodoh. Ternyata
sehabis dari mandi dan berdoa di sungai, doanya terkabul.

""Pernah juga ada kejadian, seorang wanita tidak ada jodoh setelah dia dari
sungai (Lampa'an Labobo) dia mendapatkan jodoh,"" paparnya.

## Dipercaya Sebagai Tempat Mandi Bidadari

Adapun arti dari Lampa'an Labobo menurut Zaenal merupakan bahasa dari
masyarakat pegunungan di Sidrap yang berarti berarti sungai yang tenang.
Secara filosofis dihubungkan bahwa air tersebut memberikan kesejukan dan dapat
menenangkan jiwa dan raga.

""Jadi Lampa'an Labobo kalau masyarakat di sini (pegunungan Sidrap) artinya
sungai yang tenang. Ya coba kita ke sana, itu kita merasa sejuk dan tenang
pikiran saat mandi atau merasakan airnya langsung,"" bebernya.

Di sisi lain, Sungai Lampa'an Labobo juga menyimpan cerita legenda yakni
dipercaya menjadi tempat mandi bidadari. Hal ini yang kemudian juga
dihubungkan masyarakat bisa menjadi tempat terkabulnya doa dan menjadi
penyembuh bagi yang punya penyakit.

""Dulu sungai itu menurut cerita yang berkembang tempat mandi bidadari.
Sehingga orang hubung-hubungkan semua. Airnya tenang, bisa menyembuhkan, dan
sampai berdoa disitu keinginan terwujud,"" rincinya.

## Misteri Dukun La Hitung

Tidak hanya itu, Sungai Lampa'an Labobo ternyata sejak lama sudah menjadi
sungai yang dianggap mistis oleh masyarakat sekitar. Bahkan dulu ada seorang
dukun yang setiap tahun mengadakan ritual di sungai tersebut.

Warga sekitar, Dalle menjelaskan sejak ia kecil ada seorang dukung bernama La
Hitung yang sering mengadakan acara seperti menabuh gendang dan memberikan
semacam persembahan ke Sungai Lampa'an Labobo.

""Ada dukung namanya Pak La Hitung. Dia dukun di sini dia yang memimpin acara
ritual setiap tahun,"" bebernya.

Prosesi yang dilaksanakan tersebut ditentukan waktunya sendiri oleh La Hitung.
Dalle masih mengingat ada acara memainkan gendang dan sesajen ketika prosesi
adat di Sungai Lampa'an Labobo dimulai.

""Itu kalau pas berlangsung ritual banyak orang. Penuh itu di sekitar sungai.
Main gendang dan juga ada perahu dari batang pisang di isi ketan, pisang dan
sebagainya dan dilarutkan di sungai,"" jelasnya.

Hanya saja Dalle mengaku tidak mengerti proses ritual yang dilakukan La
Hitung. Setelah La Hitung meninggal sudah tidak pernah lagi diakan ritual
seperti yang dilakukan La Hitung.

""Setelah La Hitung meninggal tidak ada yang tahu caranya buat seperti itu jadi
tidak ada yang lakukan lagi (ritual persembahan),"" tegasnya.

  
  
  
[Gambas:Video 20detik]  

 ",www.detik.com
Camat Harap Jalur Truk Tambang di Bogor Cepat Selesai: Jalan Rusak Berkurang,"Rabu, 19 Okt 2022 14:35 WIB","['<div class=""detail__body-text itp_bodycontent"">\r\n\r\n                    <strong>Bogor</strong> - <p>Pemerintah Provinsi Jawa Barat (Pemprov Jabar) ingin pembangunan jalur khusus truk tambang di wilayah <a href=""https://www.detik.com/tag/bogor"">Bogor </a>bagian barat dipercepat. Camat Rumpin Ade Zulfahmi berharap pembangunan jalur khusus truk tambang itu bisa segera terealisasi.</p><p>""Ya kami dari Pemerintah Kecamatan Rumpin mengapresiasi sekali dan sangat berharap semoga apa yang dicita-citakan oleh Pak Gubernur bisa terwujud,"" kata Camat Rumpin, Ade Zulfahmi saat dihubungi, Rabu (19/10/2022).</p><p>Rumpin merupakan salah satu kecamatan yang akan dilalui oleh jalur khusus truk tambang tersebut. Ade berharap dengan adanya jalur khusus truk tambang itu, kerusakan infrastruktur di jalur utama bisa diminimalisir.</p><!--s:parallaxindetail--><div class=""clearfix""></div><style>\r\n      @import url(""https://cdnstatic.detik.com/live/_rmbassets/2022/parallax/parallax.css"");\r\n</style>\r\n<div class=""paradetail"" style=""display:none; padding-top: 16px;margin-bottom: 24px;"">     \r\n  <p id=""para_caption"" style=""margin:0px;font-size:12px;padding:5px 0 5px 0; background-color:#204099;color:white;text-align:center;width:100%;left:0;display:block;"">\r\n    ADVERTISEMENT\r\n  </p>\r\n  <div class=""para paraA"">\r\n        <div class=""para_abs"">\r\n          <div class=""para_fix"">\r\n                <div class=""para_ads"">\r\n                  <center>\r\n                        <!-- /4905536/detik_desktop/news/parallax_detail -->\r\n<div id=""div-gpt-ad-1572507980488-0"" style=""min-width: 300px; min-height: 250px;"">\r\n  <script>\r\n    googletag.cmd.push(function() { googletag.display(\'div-gpt-ad-1572507980488-0\'); });\r\n  </script>\r\n</div>\r\n                  </center>\r\n                </div>\r\n          </div>\r\n        </div>\r\n  </div>\r\n  <p id=""para_caption2"" style=""margin:-20px 0px;font-size:12px;padding:5px 0 5px 0;background-color:#204099;color:white;text-align:center;width:100%;left:0;display:block;"">\r\n        SCROLL TO RESUME CONTENT\r\n  </p>\r\n  <script>\r\n  function paraA(e) {\r\n  var p = $(e);\r\n  $(e + "" .para_fix"").width(p.width());\r\n  }\r\n  $("".paraA iframe"").on(""load"", paraA("".paraA""));\r\n  </script>\r\n</div><!--e:parallaxindetail--><p>""Karena ini terkait dengan pembenahan infrastruktur yang ada di Kecamatan Rumpin. Kami berharap dengan selesainya jalan khusus tambang berbayar, atau istilahnya apa, kami berharap kerusakan infrastruktur yang diakibatkan armada truk ini bisa terkurangi sedikit demi sedikit,"" ucapnya.</p><table class=""linksisip""><tbody><tr><td><div class=""lihatjg""><strong>Baca juga: </strong><a data-label=""List Berita"" data-action=""Berita Pilihan"" data-category=""Detil Artikel"" href=""https://news.detik.com/berita/d-6356600/motor-mobil-tergelincir-karena-ada-tetesan-solar-di-jalan-puncak-bogor"">Motor-Mobil Tergelincir Karena Ada Tetesan Solar di Jalan Puncak Bogor</a></div></td></tr></tbody></table><p>Ade sendiri menilai pembangunan jalur khusus truk tambang ini sesuatu yang genting. Karena selain kerusakan infrastruktur, kecelakaan dan faktor risiko penyakit ISPA akibat aktivitas truk tambang di jalur utama bisa diminimalisir.</p><p>""Mudah-mudahan dengan ini, kan rencananya sudah berlarut-larut ya cukup lama, mudah-mudahan bisa terselesaikan. Dan ini sangat diharapkan masyarakat Kecamatan Rumpin,"" ungkapnya.</p><p>""Mungkin tidak Rumpin saja kali ya. Gunung Sindur, Parung Panjang, itu sebagai dampak dari usaha tambang ini mudah-mudahan bisa terselesaikan,"" tambahnya.</p><table class=""linksisip""><tbody><tr><td><div class=""lihatjg""><strong>Baca juga: </strong><a data-label=""List Berita"" data-action=""Berita Pilihan"" data-category=""Detil Artikel"" href=""https://news.detik.com/berita/d-6355590/jadi-tersangka-2-perusak-pagar-gereja-di-cibinong-bogor-ditahan"">Jadi Tersangka, 2 Perusak Pagar Gereja di Cibinong Bogor Ditahan!</a></div></td></tr></tbody></table><p>Sebelumnya diberitakan, Pemprov Jabar ingin pembangunan jalur khusus truk tambang di Kecamatan Cigudeg dan Rumpin, Kabupaten Bogor, dipercepat. Jalur tersebut diyakini menjadi solusi dari sejumlah permasalahan yang diakibatkan oleh aktivitas tambang.</p><p>""Jadi jalan tambang ini menjadi penting buat semuanya. Karena yang selama ini material tambang itu lewat jalan sejak puluhan tahun lalu banyak menimbulkan isu negatif. Ada kecelakaan, polusi, banyak lah,"" kata Kepala Dinas Bina Marga dan Penataan Ruang Jawa Barat (Jabar), Bambang Tirtoyuliono kepada wartawan, Selasa (18/10).</p><p>""Sehingga salah satu upaya yang paling bisa memungkinkan adalah kita ingin mencoba mempercepat membangun yang namanya jalur khusus tambang,"" sambungnya.</p><p>Jalan khusus kendaraan tambang itu akan dibangun sepanjang 12,5 km. Nantinya, jalur tersebut akan terhubung dengan Tol JORR III.</p><p></p><p><strong>Simak juga \'Basarnas Sebut Ancaman Longsor di Gang Barjo Bogor Masih Bisa Terjadi\':</strong></p><p></p><p><a href=""https://20.detik.com/embed/221016096"" id=""idvideo20detik"" class=""embed video20detik"">[Gambas:Video 20detik]</a></p><p><br><br></p>        \r\n\t\t\r\n        <strong>(idn/idn)</strong>\r\n        <div class=""detail__body-tag mgt-16"">\r\n            <div class=""nav"">\r\n                \t\t\t\t<a class=""nav__item"" dtr-evt=""tag"" dtr-sec="""" dtr-act=""tag"" onclick=""_pt(this)"" dtr-ttl=""bogor"" href=""https://www.detik.com/tag/bogor/"">bogor</a>\t\t\t\t<a class=""nav__item"" dtr-evt=""tag"" dtr-sec="""" dtr-act=""tag"" onclick=""_pt(this)"" dtr-ttl=""truk tambang"" href=""https://www.detik.com/tag/truk-tambang/"">truk tambang</a>\t\t\t\t<a class=""nav__item"" dtr-evt=""tag"" dtr-sec="""" dtr-act=""tag"" onclick=""_pt(this)"" dtr-ttl=""infrastruktur"" href=""https://www.detik.com/tag/infrastruktur/"">infrastruktur</a>\t\t\t\t<a class=""nav__item"" dtr-evt=""tag"" dtr-sec="""" dtr-act=""tag"" onclick=""_pt(this)"" dtr-ttl=""pemprov jabar"" href=""https://www.detik.com/tag/pemprov-jabar/"">pemprov jabar</a>            </div>\r\n        </div>\r\n\r\n        \r\n        \r\n    </div>']","\-

Pemerintah Provinsi Jawa Barat (Pemprov Jabar) ingin pembangunan jalur khusus
truk tambang di wilayah Bogor bagian barat dipercepat. Camat Rumpin Ade
Zulfahmi berharap pembangunan jalur khusus truk tambang itu bisa segera
terealisasi.

""Ya kami dari Pemerintah Kecamatan Rumpin mengapresiasi sekali dan sangat
berharap semoga apa yang dicita-citakan oleh Pak Gubernur bisa terwujud,"" kata
Camat Rumpin, Ade Zulfahmi saat dihubungi, Rabu (19/10/2022).

Rumpin merupakan salah satu kecamatan yang akan dilalui oleh jalur khusus truk
tambang tersebut. Ade berharap dengan adanya jalur khusus truk tambang itu,
kerusakan infrastruktur di jalur utama bisa diminimalisir.

ADVERTISEMENT

SCROLL TO RESUME CONTENT

""Karena ini terkait dengan pembenahan infrastruktur yang ada di Kecamatan
Rumpin. Kami berharap dengan selesainya jalan khusus tambang berbayar, atau
istilahnya apa, kami berharap kerusakan infrastruktur yang diakibatkan armada
truk ini bisa terkurangi sedikit demi sedikit,"" ucapnya.

Ade sendiri menilai pembangunan jalur khusus truk tambang ini sesuatu yang
genting. Karena selain kerusakan infrastruktur, kecelakaan dan faktor risiko
penyakit ISPA akibat aktivitas truk tambang di jalur utama bisa diminimalisir.

""Mudah-mudahan dengan ini, kan rencananya sudah berlarut-larut ya cukup lama,
mudah-mudahan bisa terselesaikan. Dan ini sangat diharapkan masyarakat
Kecamatan Rumpin,"" ungkapnya.

""Mungkin tidak Rumpin saja kali ya. Gunung Sindur, Parung Panjang, itu sebagai
dampak dari usaha tambang ini mudah-mudahan bisa terselesaikan,"" tambahnya.

Sebelumnya diberitakan, Pemprov Jabar ingin pembangunan jalur khusus truk
tambang di Kecamatan Cigudeg dan Rumpin, Kabupaten Bogor, dipercepat. Jalur
tersebut diyakini menjadi solusi dari sejumlah permasalahan yang diakibatkan
oleh aktivitas tambang.

""Jadi jalan tambang ini menjadi penting buat semuanya. Karena yang selama ini
material tambang itu lewat jalan sejak puluhan tahun lalu banyak menimbulkan
isu negatif. Ada kecelakaan, polusi, banyak lah,"" kata Kepala Dinas Bina Marga
dan Penataan Ruang Jawa Barat (Jabar), Bambang Tirtoyuliono kepada wartawan,
Selasa (18/10).

""Sehingga salah satu upaya yang paling bisa memungkinkan adalah kita ingin
mencoba mempercepat membangun yang namanya jalur khusus tambang,"" sambungnya.

Jalan khusus kendaraan tambang itu akan dibangun sepanjang 12,5 km. Nantinya,
jalur tersebut akan terhubung dengan Tol JORR III.

[Gambas:Video 20detik]

  
  

 ",www.detik.com
"Ikuti Google Maps, Mobil Turis Jakarta Masuk Jurang di Tigawasa","Rabu, 19 Okt 2022 15:33 WIB","['<div class=""detail__body-text itp_bodycontent"">\n        <strong>Buleleng</strong> - <p>Diduga karena tersasar menggunakan aplikasi google maps, sebuah mobil yang ditumpangi lima orang turis asal Jakarta jatuh ke jurang di Jalan Raya Desa Tigawasa-Kaliasem, tepatnya di Banjar Dinas Dangin Pura, Desa Kaliasem, Kecamatan Banjar, Kabupaten Buleleng, Bali.</p><p>Kepala Seksi (Kasi) Humas Polres Buleleng AKP I Gede Sumarjaya mengatakan, kronologi kecelakaan yang menimpa turis domestik, itu terjadi sekitar pukul 10.15 Wita, Rabu (19/10/2022).</p><table class=""linksisip""><tbody><tr><td><div class=""lihatjg""><strong>Baca juga: </strong><a data-label=""List Berita"" data-action=""Berita Pilihan"" data-category=""Detil Artikel"" href=""https://www.detik.com/bali/berita/d-6351722/detik-detik-mobil-bule-rusia-terjun-ke-jurang-20-meter-di-buleleng"">Detik-detik Mobil Bule Rusia Terjun ke Jurang 20 Meter di Buleleng</a></div></td></tr></tbody></table><p></p><!--s:parallaxindetail--><div class=""clearfix""></div><div id=""parallax1"">\r\n\r\n<!-- /4905536/detik_daerah_desktop/detik_bali/parallax_detail -->\r\n<div id=""div-gpt-ad-1646727619205-0"" style=""width: 300px; margin: auto;"">\r\n  <script>\r\n    googletag.cmd.push(function() { googletag.display(\'div-gpt-ad-1646727619205-0\'); });\r\n  </script>\r\n</div>\r\n\r\n</div>\r\n<br><!--e:parallaxindetail--><p>Mobil Daihatsu Xenia bernomor polisi AG 1853 LI yang dikemudikan oleh Arif Kurniawan itu, diduga mengalami kecelakaan karena rem blong dan pengemudi tidak menguasai medan yang dikenal dikenal ekstrem itu.</p><p>""Dugaan sementara kecelakaan terjadi karena, pengemudi kurang hati-hati, tidak menguasai medang yang dilewati dan ada indikasi rem blong sehingga terjadi laka lantas (OC),"" kata Kasi Humas Polres Buleleng AKP I Gede Sumarjaya kepada detikBali, Rabu (19/10/2022).</p><p>Kronologi kejadian bermula ketika mobil Daihatsu Xenia AG 1853 LI datang dari arah Denpasar menuju Lovina, Singaraja. Setibanya di lokasi kejadian, tepatnya di KM 15.800 tiba-tiba rem mobil tidak berfungsi. Kontur jalanan merupakan turunan terjal disertai tikungan sehingga membuat mobil melaju liar.</p><p>Mobil lantas tergelincir dan menabrak tebing kemudian terperosok dan tersangkut di sebuah tiang listrik. Beruntung tidak ada korban jiwa dalam peristiwa ini. Sopir beserta 4 orang penumpang lainnya tidak mengalami luka. Saat ini dalam keadaan sehat, tidak dirawat dan sedang menginap di salah satu hotel yang ada di Lovina Singaraja.</p><p>""Tidak ada korban jiwa, semua penumpang selamat, dan dalam keadaan sehat tidak ada yang dirawat. Sekarang menginap di hotel Bali Lovina,"" jelasnya.</p><p>Atas kejadian itu, pihaknya mengimbau kepada masyarakat yang akan menuju Bali Utara dengan menggunakan peta daring harus lebih jeli. Sebab ada sejumlah jalur disertai dengan tanjakan dan tikungan ekstrem, ditambah dengan kondisi jalan yang sempit. Ia juga meminta, kepada warga untuk tetap berhati-hati apalagi kondisi saat ini sedang musim penghujan sehingga jalanan lebih licin.</p><p>""Tetap waspada, sekarang ini musim penghujan, jalanan pasti licin. Dan pastikan juga kondisi kendaraan benar-benar baik sebelum berangkat. Kemudian semisal menggunakan aplikasi google maps harus lebih jeli lagi, kalau menggunakan mobil gunakan jalur khusus mobil,"" pungkasnya.</p><p></p>\n\t\t<br><br><strong>Simak Video ""<span id=""aevp_title"">Kepanikan Warga saat Lihat Mobil Terjun ke Jurang 20 Meter di Lombok</span>""</strong><br>\n<a id=""aevp"" href=""https://20.detik.com/embed/220714061"" aevp-params="""" class=""embed video20detik"">[Gambas:Video 20detik]</a><br>\n\n        <strong>(hsa/dpra)</strong>\n        <div class=""detail__body-tag mgt-16"">\n            <div class=""nav"">\n\n                \t\t\t\t<a class=""nav__item"" dtr-evt=""tag"" dtr-sec="""" dtr-act=""tag"" onclick=""_pt(this)"" dtr-idx="" 1"" dtr-ttl=""kecelakaan di buleleng"" href=""https://www.detik.com/tag/kecelakaan-di-buleleng/"">kecelakaan di buleleng</a>\t\t\t\t<a class=""nav__item"" dtr-evt=""tag"" dtr-sec="""" dtr-act=""tag"" onclick=""_pt(this)"" dtr-idx="" 2"" dtr-ttl=""google maps"" href=""https://www.detik.com/tag/google-maps/"">google maps</a>\t\t\t\t<a class=""nav__item"" dtr-evt=""tag"" dtr-sec="""" dtr-act=""tag"" onclick=""_pt(this)"" dtr-idx="" 3"" dtr-ttl=""mobil masuk jurang"" href=""https://www.detik.com/tag/mobil-masuk-jurang/"">mobil masuk jurang</a>\t\t\t\t<a class=""nav__item"" dtr-evt=""tag"" dtr-sec="""" dtr-act=""tag"" onclick=""_pt(this)"" dtr-idx="" 4"" dtr-ttl=""kecelakaan"" href=""https://www.detik.com/tag/kecelakaan/"">kecelakaan</a>\t\t\t\t<a class=""nav__item"" dtr-evt=""tag"" dtr-sec="""" dtr-act=""tag"" onclick=""_pt(this)"" dtr-idx="" 5"" dtr-ttl=""buleleng"" href=""https://www.detik.com/tag/buleleng/"">buleleng</a>\t\t\t\t<a class=""nav__item"" dtr-evt=""tag"" dtr-sec="""" dtr-act=""tag"" onclick=""_pt(this)"" dtr-idx="" 6"" dtr-ttl=""turis"" href=""https://www.detik.com/tag/turis/"">turis</a>\t\t\t\t<a class=""nav__item"" dtr-evt=""tag"" dtr-sec="""" dtr-act=""tag"" onclick=""_pt(this)"" dtr-idx="" 7"" dtr-ttl=""jakarta"" href=""https://www.detik.com/tag/jakarta/"">jakarta</a>\t\t\t\t<a class=""nav__item"" dtr-evt=""tag"" dtr-sec="""" dtr-act=""tag"" onclick=""_pt(this)"" dtr-idx="" 8"" dtr-ttl=""turis jakarta kecelakaan"" href=""https://www.detik.com/tag/turis-jakarta-kecelakaan/"">turis jakarta kecelakaan</a>\n            </div>\n        </div>\n    </div>']","\-

Diduga karena tersasar menggunakan aplikasi google maps, sebuah mobil yang
ditumpangi lima orang turis asal Jakarta jatuh ke jurang di Jalan Raya Desa
Tigawasa-Kaliasem, tepatnya di Banjar Dinas Dangin Pura, Desa Kaliasem,
Kecamatan Banjar, Kabupaten Buleleng, Bali.

Kepala Seksi (Kasi) Humas Polres Buleleng AKP I Gede Sumarjaya mengatakan,
kronologi kecelakaan yang menimpa turis domestik, itu terjadi sekitar pukul
10.15 Wita, Rabu (19/10/2022).

  

Mobil Daihatsu Xenia bernomor polisi AG 1853 LI yang dikemudikan oleh Arif
Kurniawan itu, diduga mengalami kecelakaan karena rem blong dan pengemudi
tidak menguasai medan yang dikenal dikenal ekstrem itu.

""Dugaan sementara kecelakaan terjadi karena, pengemudi kurang hati-hati, tidak
menguasai medang yang dilewati dan ada indikasi rem blong sehingga terjadi
laka lantas (OC),"" kata Kasi Humas Polres Buleleng AKP I Gede Sumarjaya kepada
detikBali, Rabu (19/10/2022).

Kronologi kejadian bermula ketika mobil Daihatsu Xenia AG 1853 LI datang dari
arah Denpasar menuju Lovina, Singaraja. Setibanya di lokasi kejadian, tepatnya
di KM 15.800 tiba-tiba rem mobil tidak berfungsi. Kontur jalanan merupakan
turunan terjal disertai tikungan sehingga membuat mobil melaju liar.

Mobil lantas tergelincir dan menabrak tebing kemudian terperosok dan
tersangkut di sebuah tiang listrik. Beruntung tidak ada korban jiwa dalam
peristiwa ini. Sopir beserta 4 orang penumpang lainnya tidak mengalami luka.
Saat ini dalam keadaan sehat, tidak dirawat dan sedang menginap di salah satu
hotel yang ada di Lovina Singaraja.

""Tidak ada korban jiwa, semua penumpang selamat, dan dalam keadaan sehat tidak
ada yang dirawat. Sekarang menginap di hotel Bali Lovina,"" jelasnya.

Atas kejadian itu, pihaknya mengimbau kepada masyarakat yang akan menuju Bali
Utara dengan menggunakan peta daring harus lebih jeli. Sebab ada sejumlah
jalur disertai dengan tanjakan dan tikungan ekstrem, ditambah dengan kondisi
jalan yang sempit. Ia juga meminta, kepada warga untuk tetap berhati-hati
apalagi kondisi saat ini sedang musim penghujan sehingga jalanan lebih licin.

""Tetap waspada, sekarang ini musim penghujan, jalanan pasti licin. Dan
pastikan juga kondisi kendaraan benar-benar baik sebelum berangkat. Kemudian
semisal menggunakan aplikasi google maps harus lebih jeli lagi, kalau
menggunakan mobil gunakan jalur khusus mobil,"" pungkasnya.

  
  
  
[Gambas:Video 20detik]  

 ",www.detik.com
Ngeri! Ibu Muda Tewas Terlindas Truk LPG di Indramayu,"Rabu, 19 Okt 2022 17:10 WIB","['<div class=""detail__body-text itp_bodycontent"">\n        <strong>Bandung</strong> - <p>Seorang ibu muda di Kabupaten Indramayu, Jawa Barat tewas terlindas truk tangki LPG. Korban tewas di lokasi kejadian sesaat setelah terjatuh dari sepeda motor lantaran menghantam lubang jalan ketika hendak menyalip.</p><p>Pantauan <strong>detikJabar</strong> di lokasi kejadian, korban tergeletak dalam kondisi mengenaskan pada Rabu (19/10/2022). Bagian tubuh korban terserak dan kepala pecah. Diduga, korban terlindas roda bagian kanan truk tangki LPG bernomor polisi G 9125 CB.</p><table class=""linksisip""><tbody><tr><td><div class=""lihatjg""><strong>Baca juga: </strong><a data-label=""List Berita"" data-action=""Berita Pilihan"" data-category=""Detil Artikel"" href=""https://www.detik.com/jabar/berita/d-6357058/pesisir-pantai-utara-jawa-barat-terancam-tenggelam-8-tahun-lagi"">Pesisir Pantai Utara Jawa Barat Terancam Tenggelam 8 Tahun Lagi!</a></div></td></tr></tbody></table><p>Warga sekitar berhamburan dan histeris melihat kejadian tersebut. Warga menyebut, korban bersama suaminya mengendarai sepeda motor jenis Honda Scoopy dari arah utara melaju di jalan Sukaurip, Desa Balongan, Kecamatan Balongan, Kabupaten Indramayu.</p><!--s:parallaxindetail--><div class=""clearfix""></div><div id=""parallax1"">\r\n\r\n<!-- /4905536/detik_daerah_desktop/detik_jawabarat/parallax_detail -->\r\n<div id=""div-gpt-ad-1643357946364-0"">\r\n  <script>\r\n    googletag.cmd.push(function() { googletag.display(\'div-gpt-ad-1643357946364-0\'); });\r\n  </script>\r\n</div>\r\n\r\n</div>\r\n<br><!--e:parallaxindetail--><p>Saat dihubungi <strong>detikJabar,</strong> Kasatlantas Polres Indramayu, Akp Angga Handiman, membenarkan kejadian tersebut. Petugas, kemudian mengevakuasi korban dan melakukan olah tempat kejadian perkara.</p><p>""Betul, ini saya mau ke TKP,"" Kata Kasatlantas Polres Indramayu, Akp Angga Handiman saat dihubungi melalui pesan singkat.</p><table class=""linksisip""><tbody><tr><td><div class=""lihatjg""><strong>Baca juga: </strong><a data-label=""List Berita"" data-action=""Berita Pilihan"" data-category=""Detil Artikel"" href=""https://www.detik.com/jabar/hukum-dan-kriminal/d-6357236/mahasiswa-bandung-tewas-ditusuk-orang-tak-dikenal-di-depan-kafe"">Mahasiswa Bandung Tewas Ditusuk Orang Tak Dikenal di Depan Kafe</a></div></td></tr></tbody></table><p>Informasi dihimpun <strong>detikJabar,</strong> suami korban yang mengendarai sepeda motor bernomor polisi E 3756 PAZ hendak menyalip truk yang melaju dari arah yang sama. Namun, diduga korban terjatuh menghantam lubang jalan dan istrinya masuk ke kolong mobil hingga terlindas.</p>\n\t\t\n        <strong>(yum/yum)</strong>\n        <div class=""detail__body-tag mgt-16"">\n            <div class=""nav"">\n\n                \t\t\t\t<a class=""nav__item"" dtr-evt=""tag"" dtr-sec="""" dtr-act=""tag"" onclick=""_pt(this)"" dtr-idx="" 1"" dtr-ttl=""berita jabar"" href=""https://www.detik.com/tag/berita-jabar/"">berita jabar</a>\t\t\t\t<a class=""nav__item"" dtr-evt=""tag"" dtr-sec="""" dtr-act=""tag"" onclick=""_pt(this)"" dtr-idx="" 2"" dtr-ttl=""kecelakaan lalu lintas"" href=""https://www.detik.com/tag/kecelakaan-lalu-lintas/"">kecelakaan lalu lintas</a>\t\t\t\t<a class=""nav__item"" dtr-evt=""tag"" dtr-sec="""" dtr-act=""tag"" onclick=""_pt(this)"" dtr-idx="" 3"" dtr-ttl=""indramayu"" href=""https://www.detik.com/tag/indramayu/"">indramayu</a>\t\t\t\t<a class=""nav__item"" dtr-evt=""tag"" dtr-sec="""" dtr-act=""tag"" onclick=""_pt(this)"" dtr-idx="" 4"" dtr-ttl=""ibu muda tewas terlindas truk"" href=""https://www.detik.com/tag/ibu-muda-tewas-terlindas-truk/"">ibu muda tewas terlindas truk</a>\t\t\t\t<a class=""nav__item"" dtr-evt=""tag"" dtr-sec="""" dtr-act=""tag"" onclick=""_pt(this)"" dtr-idx="" 5"" dtr-ttl=""truk lpg"" href=""https://www.detik.com/tag/truk-lpg/"">truk lpg</a>\n            </div>\n        </div>\n    </div>']","\-

Seorang ibu muda di Kabupaten Indramayu, Jawa Barat tewas terlindas truk
tangki LPG. Korban tewas di lokasi kejadian sesaat setelah terjatuh dari
sepeda motor lantaran menghantam lubang jalan ketika hendak menyalip.

Pantauan di lokasi kejadian, korban tergeletak dalam kondisi mengenaskan pada
Rabu (19/10/2022). Bagian tubuh korban terserak dan kepala pecah. Diduga,
korban terlindas roda bagian kanan truk tangki LPG bernomor polisi G 9125 CB.

Warga sekitar berhamburan dan histeris melihat kejadian tersebut. Warga
menyebut, korban bersama suaminya mengendarai sepeda motor jenis Honda Scoopy
dari arah utara melaju di jalan Sukaurip, Desa Balongan, Kecamatan Balongan,
Kabupaten Indramayu.

  

Saat dihubungi Kasatlantas Polres Indramayu, Akp Angga Handiman, membenarkan
kejadian tersebut. Petugas, kemudian mengevakuasi korban dan melakukan olah
tempat kejadian perkara.

""Betul, ini saya mau ke TKP,"" Kata Kasatlantas Polres Indramayu, Akp Angga
Handiman saat dihubungi melalui pesan singkat.

Informasi dihimpun suami korban yang mengendarai sepeda motor bernomor polisi
E 3756 PAZ hendak menyalip truk yang melaju dari arah yang sama. Namun, diduga
korban terjatuh menghantam lubang jalan dan istrinya masuk ke kolong mobil
hingga terlindas.

 ",www.detik.com
Anak Penabrak Anggota TNI-Istri hingga Tewas Belum Bisa Diperiksa,"Rabu, 19 Okt 2022 15:47 WIB","['<div class=""detail__body-text itp_bodycontent"">\r\n\r\n                    <strong>Jakarta</strong> - <p>Anggota TNI berinisial TI dan istrinya, MI, di <a href=""https://www.detik.com/tag/balikpapan"">Balikpapan</a>, Kalimantan Timur (Kaltim), tewas usai ditabrak putrinya, AG. Namun AG hingga kini belum dapat dimintai keterangan.</p><p>""Masih dalam lidik karena anaknya belum di-BAP,"" ujar Kasat Lantas Polresta Balikpapan Kompol Ropiyani dilansir <strong><a href=""https://detik.com/sulsel/hukum-dan-kriminal/d-6357182/anggota-tni-istri-tewas-ditabrak-putrinya-pelaku-belum-diproses-hukum"">detikSulsel</a></strong>, Rabu (19/10/2022).</p><p>Ropiyani mengatakan bahwa alasan lain pihaknya belum melakukan pemanggilan adalah AG masih berduka. Polisi pun memberi waktu kepada AG.</p><!--s:parallaxindetail--><div class=""clearfix""></div><style>\r\n      @import url(""https://cdnstatic.detik.com/live/_rmbassets/2022/parallax/parallax.css"");\r\n</style>\r\n<div class=""paradetail"" style=""display:none; padding-top: 16px;margin-bottom: 24px;"">     \r\n  <p id=""para_caption"" style=""margin:0px;font-size:12px;padding:5px 0 5px 0; background-color:#204099;color:white;text-align:center;width:100%;left:0;display:block;"">\r\n    ADVERTISEMENT\r\n  </p>\r\n  <div class=""para paraA"">\r\n        <div class=""para_abs"">\r\n          <div class=""para_fix"">\r\n                <div class=""para_ads"">\r\n                  <center>\r\n                        <!-- /4905536/detik_desktop/news/parallax_detail -->\r\n<div id=""div-gpt-ad-1572507980488-0"" style=""min-width: 300px; min-height: 250px;"">\r\n  <script>\r\n    googletag.cmd.push(function() { googletag.display(\'div-gpt-ad-1572507980488-0\'); });\r\n  </script>\r\n</div>\r\n                  </center>\r\n                </div>\r\n          </div>\r\n        </div>\r\n  </div>\r\n  <p id=""para_caption2"" style=""margin:-20px 0px;font-size:12px;padding:5px 0 5px 0;background-color:#204099;color:white;text-align:center;width:100%;left:0;display:block;"">\r\n        SCROLL TO RESUME CONTENT\r\n  </p>\r\n  <script>\r\n  function paraA(e) {\r\n  var p = $(e);\r\n  $(e + "" .para_fix"").width(p.width());\r\n  }\r\n  $("".paraA iframe"").on(""load"", paraA("".paraA""));\r\n  </script>\r\n</div><!--e:parallaxindetail--><p>""Anaknya masih bersama keluarganya dan masih berduka,"" ucap Ropiyani.</p><p></p><table class=""linksisip""><tbody><tr><td><div class=""lihatjg""><strong>Baca juga: </strong><a data-label=""List Berita"" data-action=""Berita Pilihan"" data-category=""Detil Artikel"" href=""https://www.detik.com/sulsel/hukum-dan-kriminal/d-6357182/anggota-tni-istri-tewas-ditabrak-putrinya-pelaku-belum-diproses-hukum"">Anggota TNI-Istri Tewas Ditabrak Putrinya, Pelaku Belum Diproses Hukum</a></div></td></tr></tbody></table><p></p><p>Diketahui kecelakaan maut itu terjadi di Jalan Mulawarman, Kelurahan Manggar, Kecamatan Balikpapan Timur, pada Senin (17/10). Saat itu pasutri TI dan MI berboncengan dan ditabrak dari arah belakang oleh putrinya.</p><p>""Korban berboncengan dengan istrinya dari arah kota menuju arah lamaru pulang ke asrama Dodikjur. Setiba di Jalan Mulawarman depan PT Schlumberger, korban mengurangi kecepatan kendaraannya, kemudian datang mobil Toyota Innova warna putih nopol KT-1242-LW yang dikemudikan oleh AG,"" bebernya.</p><p>Silakan baca berita selengkapnya <a href=""https://detik.com/sulsel/hukum-dan-kriminal/d-6357182/anggota-tni-istri-tewas-ditabrak-putrinya-pelaku-belum-diproses-hukum"">di sini</a>.</p><p></p><p><strong>Simak juga \'Saat Anak Bunuh Ibu di Lampung Gegara Tak Diberi Uang Rokok\':</strong></p><p></p><p><a href=""https://20.detik.com/embed/221010041"" id=""idvideo20detik"" class=""embed video20detik"">[Gambas:Video 20detik]</a></p><p><br><br></p>        \r\n\t\t\r\n        <strong>(rdp/idh)</strong>\r\n        <div class=""detail__body-tag mgt-16"">\r\n            <div class=""nav"">\r\n                \t\t\t\t<a class=""nav__item"" dtr-evt=""tag"" dtr-sec="""" dtr-act=""tag"" onclick=""_pt(this)"" dtr-ttl=""anggota tni tewas ditabrak"" href=""https://www.detik.com/tag/anggota-tni-tewas-ditabrak/"">anggota tni tewas ditabrak</a>\t\t\t\t<a class=""nav__item"" dtr-evt=""tag"" dtr-sec="""" dtr-act=""tag"" onclick=""_pt(this)"" dtr-ttl=""pasutri tewas ditabrak anaknya"" href=""https://www.detik.com/tag/pasutri-tewas-ditabrak-anaknya/"">pasutri tewas ditabrak anaknya</a>\t\t\t\t<a class=""nav__item"" dtr-evt=""tag"" dtr-sec="""" dtr-act=""tag"" onclick=""_pt(this)"" dtr-ttl=""kecelakaan maut"" href=""https://www.detik.com/tag/kecelakaan-maut/"">kecelakaan maut</a>\t\t\t\t<a class=""nav__item"" dtr-evt=""tag"" dtr-sec="""" dtr-act=""tag"" onclick=""_pt(this)"" dtr-ttl=""kaltim"" href=""https://www.detik.com/tag/kaltim/"">kaltim</a>            </div>\r\n        </div>\r\n\r\n        \r\n        \r\n    </div>']","\-

Anggota TNI berinisial TI dan istrinya, MI, di Balikpapan, Kalimantan Timur
(Kaltim), tewas usai ditabrak putrinya, AG. Namun AG hingga kini belum dapat
dimintai keterangan.

""Masih dalam lidik karena anaknya belum di-BAP,"" ujar Kasat Lantas Polresta
Balikpapan Kompol Ropiyani dilansir , Rabu (19/10/2022).

Ropiyani mengatakan bahwa alasan lain pihaknya belum melakukan pemanggilan
adalah AG masih berduka. Polisi pun memberi waktu kepada AG.

ADVERTISEMENT

SCROLL TO RESUME CONTENT

""Anaknya masih bersama keluarganya dan masih berduka,"" ucap Ropiyani.

Diketahui kecelakaan maut itu terjadi di Jalan Mulawarman, Kelurahan Manggar,
Kecamatan Balikpapan Timur, pada Senin (17/10). Saat itu pasutri TI dan MI
berboncengan dan ditabrak dari arah belakang oleh putrinya.

""Korban berboncengan dengan istrinya dari arah kota menuju arah lamaru pulang
ke asrama Dodikjur. Setiba di Jalan Mulawarman depan PT Schlumberger, korban
mengurangi kecepatan kendaraannya, kemudian datang mobil Toyota Innova warna
putih nopol KT-1242-LW yang dikemudikan oleh AG,"" bebernya.

Silakan baca berita selengkapnya di sini.

[Gambas:Video 20detik]

  
  

 ",www.detik.com
Warga Pacitan Tewas Tenggelam Saat Mandi di Embung,"Kamis, 20 Okt 2022 20:39 WIB","['<div class=""detail__body-text itp_bodycontent"">\n        <strong>Pacitan</strong> - <p>Nahas menimpa Sigit Prawito (30). Warga Desa Dersono, Kecamatan Pringkuku itu tewas usai tenggelam di embung (penampungan air hujan) tak jauh dari rumahnya.</p><p>Musibah terjadi usai korban membantu pemakaman tetangganya yang meninggal dunia. Pulang dari makan, korban berniat membersihkan badan di kamar mandi umum yang terletak di tepi embung.</p><p>Entah mengapa korban lantas turun ke embung yang dipenuhi air hujan. Tak sekadar berendam, korban juga berenang ke tengah. Celakanya, korban kesulitan mengapung di kedalaman hingga akhirnya tenggelam.</p><!--s:parallaxindetail--><div class=""clearfix""></div><div id=""parallax1"">\r\n\r\n<!-- /4905536/detik_daerah_desktop/detik_jawatimur/parallax_detail -->\r\n<div id=""div-gpt-ad-1641807154607-0"" style=""width:300px; margin:auto;"">\r\n  <script>\r\n    googletag.cmd.push(function() { googletag.display(\'div-gpt-ad-1641807154607-0\'); });\r\n  </script>\r\n</div>\r\n\r\n</div><!--e:parallaxindetail--><table class=""linksisip""><tbody><tr><td><div class=""lihatjg""><strong>Baca juga: </strong><a data-label=""List Berita"" data-action=""Berita Pilihan"" data-category=""Detil Artikel"" href=""https://www.detik.com/jatim/berita/d-6211097/bocah-pacitan-yang-tenggelam-di-sungai-grindulu-ditemukan-tewas"">Bocah Pacitan yang Tenggelam di Sungai Grindulu Ditemukan Tewas</a></div></td></tr></tbody></table><p>""Tidak diketahui secara pasti mengapa yang bersangkutan memutuskan turun (ke embung),"" kata Kapolsek Pringkuku Iptu Moh Ali dikonfirmasi detikJatim, Kamis (20/10/2022) petang.</p><p>Tentu saja, warga lain yang berada di sekitar lokasi gempar. Sebagian berusaha memberi pertolongan. Namun usaha itu tak membuahkan hasil. Jasad korban baru ditemukan setelah pencarian menggunakan jaring di seantero embung sedalam 2,5 meter itu.</p><p>""Korban akhirnya berhasil ditemukan namun dalam kondisi sudah meninggal dunia,"" tambah kapolsek seraya mengimbau warga menghindarkan diri dari kegiatan yang membahayakan keselamatan.</p><table class=""linksisip""><tbody><tr><td><div class=""lihatjg""><strong>Baca juga: </strong><a data-label=""List Berita"" data-action=""Berita Pilihan"" data-category=""Detil Artikel"" href=""https://www.detik.com/jatim/berita/d-5914488/epilepsi-kambuh-pencari-batu-kali-tewas-tenggelam-di-sungai-pacitan"">Epilepsi Kambuh, Pencari Batu Kali Tewas Tenggelam di Sungai Pacitan</a></div></td></tr></tbody></table><p>Usai ditemukan, jenazah langsung menjalani visum et repertum. Proses itu melibatkan tenaga kesehatan puskesmas. Hasilnya diketahui tak ada tanda-tanda kekerasan di tubuh korban. Kejadian diduga murni kecelakaan.</p><p>""Jenazah almarhum sudah diserahkan kepada keluarga untuk dimakamkan,"" pungkas Ali.</p>\n\t\t<br><br><strong>Simak Video ""<span id=""aevp_title"">Kabur ke Sungai, Kurir Narkoba di Lampung Tewas Tenggelam</span>""</strong><br>\n<a id=""aevp"" href=""https://20.detik.com/embed/220715048"" aevp-params="""" class=""embed video20detik"">[Gambas:Video 20detik]</a><br>\n\n        <strong>(abq/iwd)</strong>\n        <div class=""detail__body-tag mgt-16"">\n            <div class=""nav"">\n\n                \t\t\t\t<a class=""nav__item"" dtr-evt=""tag"" dtr-sec="""" dtr-act=""tag"" onclick=""_pt(this)"" dtr-idx="" 1"" dtr-ttl=""tewas tenggelam"" href=""https://www.detik.com/tag/tewas-tenggelam/"">tewas tenggelam</a>\t\t\t\t<a class=""nav__item"" dtr-evt=""tag"" dtr-sec="""" dtr-act=""tag"" onclick=""_pt(this)"" dtr-idx="" 2"" dtr-ttl=""tenggelam di embung"" href=""https://www.detik.com/tag/tenggelam-di-embung/"">tenggelam di embung</a>\t\t\t\t<a class=""nav__item"" dtr-evt=""tag"" dtr-sec="""" dtr-act=""tag"" onclick=""_pt(this)"" dtr-idx="" 3"" dtr-ttl=""mandi di embung"" href=""https://www.detik.com/tag/mandi-di-embung/"">mandi di embung</a>\n            </div>\n        </div>\n    </div>']","\-

Nahas menimpa Sigit Prawito (30). Warga Desa Dersono, Kecamatan Pringkuku itu
tewas usai tenggelam di embung (penampungan air hujan) tak jauh dari rumahnya.

Musibah terjadi usai korban membantu pemakaman tetangganya yang meninggal
dunia. Pulang dari makan, korban berniat membersihkan badan di kamar mandi
umum yang terletak di tepi embung.

Entah mengapa korban lantas turun ke embung yang dipenuhi air hujan. Tak
sekadar berendam, korban juga berenang ke tengah. Celakanya, korban kesulitan
mengapung di kedalaman hingga akhirnya tenggelam.

""Tidak diketahui secara pasti mengapa yang bersangkutan memutuskan turun (ke
embung),"" kata Kapolsek Pringkuku Iptu Moh Ali dikonfirmasi detikJatim, Kamis
(20/10/2022) petang.

Tentu saja, warga lain yang berada di sekitar lokasi gempar. Sebagian berusaha
memberi pertolongan. Namun usaha itu tak membuahkan hasil. Jasad korban baru
ditemukan setelah pencarian menggunakan jaring di seantero embung sedalam 2,5
meter itu.

""Korban akhirnya berhasil ditemukan namun dalam kondisi sudah meninggal
dunia,"" tambah kapolsek seraya mengimbau warga menghindarkan diri dari
kegiatan yang membahayakan keselamatan.

Usai ditemukan, jenazah langsung menjalani visum et repertum. Proses itu
melibatkan tenaga kesehatan puskesmas. Hasilnya diketahui tak ada tanda-tanda
kekerasan di tubuh korban. Kejadian diduga murni kecelakaan.

""Jenazah almarhum sudah diserahkan kepada keluarga untuk dimakamkan,"" pungkas
Ali.

  
  
  
[Gambas:Video 20detik]  

 ",www.detik.com
"Anggota TNI-Istri Tewas Ditabrak Putrinya, Pelaku Belum Diproses Hukum","Rabu, 19 Okt 2022 15:07 WIB","['<div class=""detail__body-text itp_bodycontent"">\n        <strong>Balikpapan</strong> - <p>Anggota TNI berinisial TI dan istrinya MI di <a href=""https://www.detik.com/tag/balikpapan"">Balikpapan</a>, Kalimantan Timur (Kaltim) tewas usai ditabrak putrinya sendiri, AG. Namun AG hingga kini belum dapat dimintai keterangan.</p><p>""Masih dalam lidik karena anaknya belum di-BAP,"" ujar Kasat Lantas Polresta Balikpapan Kompol Ropiyani kepada <strong>detikcom</strong>, Rabu (19/10/2022).</p><p>Ropiyani mengatakan bahwa alasan lain pihaknya belum melakukan pemanggilan karena AG masih berduka. Polisi pun memberi waktu kepada AG.</p><!--s:parallaxindetail--><div class=""clearfix""></div>\r\n\r\n<div id=""parallax1"">\r\n\r\n<!-- /4905536/detik_daerah_desktop/detik_sulawesiselatan/parallax_detail -->\r\n<div id=""div-gpt-ad-1643357338786-0"" style=""width: 300px; margin: auto;"">\r\n  <script>\r\n    googletag.cmd.push(function() { googletag.display(\'div-gpt-ad-1643357338786-0\'); });\r\n  </script>\r\n</div>\r\n\r\n</div>\r\n<br><!--e:parallaxindetail--><p>""Anaknya masih bersama keluarganya dan masih berduka,"" ucap Ropiyani.</p><p>Diketahui kecelakaan maut itu terjadi di Jalan Mulawarman, Kelurahan Manggar, Kecamatan Balikpapan Timur pada Senin (17/10). Saat itu pasutri TI dan MI berboncengan dan ditabrak dari arah belakang oleh putrinya sendiri.</p><p>""Korban berboncengan dengan istrinya dari arah kota menuju arah lamaru pulang ke asrama Dodikjur setiba di Jalan Mulawarman depan PT. Schlumberger, korban mengurangi kecepatan kendaraannya, kemudian datang mobil Toyota Inova warna putih nopol KT 1242 LW yang dikemudikan oleh AG,"" bebernya.</p><table class=""linksisip""><tbody><tr><td><div class=""lihatjg""><strong>Baca juga: </strong><a data-label=""List Berita"" data-action=""Berita Pilihan"" data-category=""Detil Artikel"" href=""https://www.detik.com/sulsel/berita/d-6355719/detik-detik-kecelakaan-maut-anggota-tni-dan-istri-tewas-ditabrak-putrinya"">Detik-detik Kecelakaan Maut Anggota TNI dan Istri Tewas Ditabrak Putrinya</a></div></td></tr></tbody></table><p>Akibatnya, kedua korban tewas di lokasi kejadian yang mana korban MI terpental dan TI terlindas mobil yang dikendarainya AG.</p><p>""Istri korban terpental dan korban terlindas oleh mobil yang dikendarai anaknya hingga keduanya meninggal dunia di lokasi,"" ungkapnya.</p><table class=""linksisip""><tbody><tr><td><div class=""lihatjg""><strong>Baca juga: </strong><a data-label=""List Berita"" data-action=""Berita Pilihan"" data-category=""Detil Artikel"" href=""https://www.detik.com/sulsel/berita/d-6356718/melihat-lebih-dekat-lokasi-anggota-tni-dan-istri-tewas-ditabrak-anak-sendiri"">Melihat Lebih Dekat Lokasi Anggota TNI dan Istri Tewas Ditabrak Anak Sendiri</a></div></td></tr></tbody></table><p>Dijelaskan Ropiyani bahwa saat kejadian AG dalam posisi panik. AG yang seharusnya menginjak pedal rem justru menginjak pedal gas hingga menabrak kedua orang tuanya.</p><p>""Pengemudi mobil saat itu panik, salah injak pedal gas, pengemudi juga belum mahir dalam mengemudikan kendaraan di jalan raya sehingga lalai mengakibatkan kecelakaan,""pungkasnya.</p><p></p><p><strong>Simak juga \'Hilang Kendali, Mobil Tabrak 6 Pesepeda di Jembatan Baruyungan PIK 2\':</strong></p><p></p><p><a href=""https://20.detik.com/embed/221016090"" id=""idvideo20detik"" class=""embed video20detik"">[Gambas:Video 20detik]</a></p><p><br><br></p>\n\t\t\n        <strong>(hmw/nvl)</strong>\n        <div class=""detail__body-tag mgt-16"">\n            <div class=""nav"">\n\n                \t\t\t\t<a class=""nav__item"" dtr-evt=""tag"" dtr-sec="""" dtr-act=""tag"" onclick=""_pt(this)"" dtr-idx="" 1"" dtr-ttl=""balikpapan"" href=""https://www.detik.com/tag/balikpapan/"">balikpapan</a>\t\t\t\t<a class=""nav__item"" dtr-evt=""tag"" dtr-sec="""" dtr-act=""tag"" onclick=""_pt(this)"" dtr-idx="" 2"" dtr-ttl=""kalimantan timur"" href=""https://www.detik.com/tag/kalimantan-timur/"">kalimantan timur</a>\t\t\t\t<a class=""nav__item"" dtr-evt=""tag"" dtr-sec="""" dtr-act=""tag"" onclick=""_pt(this)"" dtr-idx="" 3"" dtr-ttl=""kaltim"" href=""https://www.detik.com/tag/kaltim/"">kaltim</a>\t\t\t\t<a class=""nav__item"" dtr-evt=""tag"" dtr-sec="""" dtr-act=""tag"" onclick=""_pt(this)"" dtr-idx="" 4"" dtr-ttl=""anggota tni tewas ditabrak"" href=""https://www.detik.com/tag/anggota-tni-tewas-ditabrak/"">anggota tni tewas ditabrak</a>\t\t\t\t<a class=""nav__item"" dtr-evt=""tag"" dtr-sec="""" dtr-act=""tag"" onclick=""_pt(this)"" dtr-idx="" 5"" dtr-ttl=""kecelakaan maut"" href=""https://www.detik.com/tag/kecelakaan-maut/"">kecelakaan maut</a>\t\t\t\t<a class=""nav__item"" dtr-evt=""tag"" dtr-sec="""" dtr-act=""tag"" onclick=""_pt(this)"" dtr-idx="" 6"" dtr-ttl=""pasutri tewas ditabrak anaknya"" href=""https://www.detik.com/tag/pasutri-tewas-ditabrak-anaknya/"">pasutri tewas ditabrak anaknya</a>\n            </div>\n        </div>\n    </div>']","\-

Anggota TNI berinisial TI dan istrinya MI di Balikpapan, Kalimantan Timur
(Kaltim) tewas usai ditabrak putrinya sendiri, AG. Namun AG hingga kini belum
dapat dimintai keterangan.

""Masih dalam lidik karena anaknya belum di-BAP,"" ujar Kasat Lantas Polresta
Balikpapan Kompol Ropiyani kepada , Rabu (19/10/2022).

Ropiyani mengatakan bahwa alasan lain pihaknya belum melakukan pemanggilan
karena AG masih berduka. Polisi pun memberi waktu kepada AG.

  

""Anaknya masih bersama keluarganya dan masih berduka,"" ucap Ropiyani.

Diketahui kecelakaan maut itu terjadi di Jalan Mulawarman, Kelurahan Manggar,
Kecamatan Balikpapan Timur pada Senin (17/10). Saat itu pasutri TI dan MI
berboncengan dan ditabrak dari arah belakang oleh putrinya sendiri.

""Korban berboncengan dengan istrinya dari arah kota menuju arah lamaru pulang
ke asrama Dodikjur setiba di Jalan Mulawarman depan PT. Schlumberger, korban
mengurangi kecepatan kendaraannya, kemudian datang mobil Toyota Inova warna
putih nopol KT 1242 LW yang dikemudikan oleh AG,"" bebernya.

Akibatnya, kedua korban tewas di lokasi kejadian yang mana korban MI terpental
dan TI terlindas mobil yang dikendarainya AG.

""Istri korban terpental dan korban terlindas oleh mobil yang dikendarai
anaknya hingga keduanya meninggal dunia di lokasi,"" ungkapnya.

Dijelaskan Ropiyani bahwa saat kejadian AG dalam posisi panik. AG yang
seharusnya menginjak pedal rem justru menginjak pedal gas hingga menabrak
kedua orang tuanya.

""Pengemudi mobil saat itu panik, salah injak pedal gas, pengemudi juga belum
mahir dalam mengemudikan kendaraan di jalan raya sehingga lalai mengakibatkan
kecelakaan,""pungkasnya.

[Gambas:Video 20detik]

  
  

 ",www.detik.com
"Tabrakan Beruntun di Tol Cipularang Purwakarta, 3 Orang Terluka","Rabu, 19 Okt 2022 15:22 WIB","['<div class=""detail__body-text itp_bodycontent"">\n        <strong>Purwakarta</strong> - <p>Kecelakaan beruntun terjadi di ruas Tol Cipularang KM 92, Desa Pasirmunjul, Sukatani, Kabupaten Purwakarta. Dugaan sementara kecelakaan akibat truk kontainer mengalami masalah pengeraman.</p><p>""Jadi untuk TKP ini ada ada empat kendaraan, dimana dari arah atas atau dari arah Bandung ke Jakarta ada salah satu kendaraan indikasi awal tidak bisa melakukan pengeremen sehingga membuat benturan terhadap kendaraan di depannya,"" AKP Denny Catur, Kepala Induk PJR Tol Cipularang ditemui di TKP, Rabu (17/10/2022).</p><table class=""linksisip""><tbody><tr><td><div class=""lihatjg""><strong>Baca juga: </strong><a data-label=""List Berita"" data-action=""Berita Pilihan"" data-category=""Detil Artikel"" href=""https://www.detik.com/jabar/berita/d-6356891/keyakinan-bupati-purwakarta-berpisah-dengan-dedi-mulyadi"">Keyakinan Bupati Purwakarta Berpisah dengan Dedi Mulyadi</a></div></td></tr></tbody></table><p>Denny menjelaskan, truk yang diduga menjadi pemicu kecelakaan beruntun ini posisinya berada paling belakang di antara empat kendaraan yang terlibat. Ketika rem bermasalah truk ini melaju tidak terkendali kemudian menabrak kendaraan yang ada di depannya.</p><!--s:parallaxindetail--><div class=""clearfix""></div><div id=""parallax1"">\r\n\r\n<!-- /4905536/detik_daerah_desktop/detik_jawabarat/parallax_detail -->\r\n<div id=""div-gpt-ad-1643357946364-0"">\r\n  <script>\r\n    googletag.cmd.push(function() { googletag.display(\'div-gpt-ad-1643357946364-0\'); });\r\n  </script>\r\n</div>\r\n\r\n</div>\r\n<br><!--e:parallaxindetail--><p>""Indikasi awal dari truk kontainer yang paling belakang, itu hasil dari keterangan para saksi,"" katanya.</p><p>Dalam kecelakaan ini, tiga orang dilaporkan terluka. Bahkan satu korban yang terjepit harus dievakuasi dengan ekstra hati-hati.</p><p>Dilihat detikJabar, petugas menggunakan alat pemotong portabel untuk memotong bagian mobil yang menjepit kaki korban. Evakuasi berjalan alot karena kaki korban terjepit.</p><p>""Untuk korban sementara ada 3 tapi indikasi banyak cidera, Alhamdulillah tidak ada korban meninggal dunia. Tadi terakhir yang di evakuasi karena kakinya tertusuk besi,"" ungkap Denny.</p><table class=""linksisip""><tbody><tr><td><div class=""lihatjg""><strong>Baca juga: </strong><a data-label=""List Berita"" data-action=""Berita Pilihan"" data-category=""Detil Artikel"" href=""https://www.detik.com/jabar/berita/d-6356935/sampah-di-bandung-terlambat-dibuang-gegara-tpa-sarimukti-berlumpur"">Sampah di Bandung Terlambat Dibuang gegara TPA Sarimukti Berlumpur</a></div></td></tr></tbody></table><p>Dampak kejadian ini, arus lalu lintas dari arah Bandung menuju Jakarta mengalami kemacetan panjang. Petugas melakukan rekayasa arus dengan membuka satu lajur di bahu jalan.</p><p>""Kemacetan sekitar 2 KM, karena lalu lintas bisa tetap mengalir dengan menggunakan bahu jalan,"" ujarnya.</p>\n\t\t\n        <strong>(mso/mso)</strong>\n        <div class=""detail__body-tag mgt-16"">\n            <div class=""nav"">\n\n                \t\t\t\t<a class=""nav__item"" dtr-evt=""tag"" dtr-sec="""" dtr-act=""tag"" onclick=""_pt(this)"" dtr-idx="" 1"" dtr-ttl=""kecelakaan beruntun"" href=""https://www.detik.com/tag/kecelakaan-beruntun/"">kecelakaan beruntun</a>\t\t\t\t<a class=""nav__item"" dtr-evt=""tag"" dtr-sec="""" dtr-act=""tag"" onclick=""_pt(this)"" dtr-idx="" 2"" dtr-ttl=""kecelakaan di purwakarta"" href=""https://www.detik.com/tag/kecelakaan-di-purwakarta/"">kecelakaan di purwakarta</a>\t\t\t\t<a class=""nav__item"" dtr-evt=""tag"" dtr-sec="""" dtr-act=""tag"" onclick=""_pt(this)"" dtr-idx="" 3"" dtr-ttl=""kecelakaan di cipularang"" href=""https://www.detik.com/tag/kecelakaan-di-cipularang/"">kecelakaan di cipularang</a>\t\t\t\t<a class=""nav__item"" dtr-evt=""tag"" dtr-sec="""" dtr-act=""tag"" onclick=""_pt(this)"" dtr-idx="" 4"" dtr-ttl=""tabrakan beruntun"" href=""https://www.detik.com/tag/tabrakan-beruntun/"">tabrakan beruntun</a>\t\t\t\t<a class=""nav__item"" dtr-evt=""tag"" dtr-sec="""" dtr-act=""tag"" onclick=""_pt(this)"" dtr-idx="" 5"" dtr-ttl=""cipularang"" href=""https://www.detik.com/tag/cipularang/"">cipularang</a>\t\t\t\t<a class=""nav__item"" dtr-evt=""tag"" dtr-sec="""" dtr-act=""tag"" onclick=""_pt(this)"" dtr-idx="" 6"" dtr-ttl=""purwakarta"" href=""https://www.detik.com/tag/purwakarta/"">purwakarta</a>\t\t\t\t<a class=""nav__item"" dtr-evt=""tag"" dtr-sec="""" dtr-act=""tag"" onclick=""_pt(this)"" dtr-idx="" 7"" dtr-ttl=""berita jabar"" href=""https://www.detik.com/tag/berita-jabar/"">berita jabar</a>\n            </div>\n        </div>\n    </div>']","\-

Kecelakaan beruntun terjadi di ruas Tol Cipularang KM 92, Desa Pasirmunjul,
Sukatani, Kabupaten Purwakarta. Dugaan sementara kecelakaan akibat truk
kontainer mengalami masalah pengeraman.

""Jadi untuk TKP ini ada ada empat kendaraan, dimana dari arah atas atau dari
arah Bandung ke Jakarta ada salah satu kendaraan indikasi awal tidak bisa
melakukan pengeremen sehingga membuat benturan terhadap kendaraan di
depannya,"" AKP Denny Catur, Kepala Induk PJR Tol Cipularang ditemui di TKP,
Rabu (17/10/2022).

Denny menjelaskan, truk yang diduga menjadi pemicu kecelakaan beruntun ini
posisinya berada paling belakang di antara empat kendaraan yang terlibat.
Ketika rem bermasalah truk ini melaju tidak terkendali kemudian menabrak
kendaraan yang ada di depannya.

  

""Indikasi awal dari truk kontainer yang paling belakang, itu hasil dari
keterangan para saksi,"" katanya.

Dalam kecelakaan ini, tiga orang dilaporkan terluka. Bahkan satu korban yang
terjepit harus dievakuasi dengan ekstra hati-hati.

Dilihat detikJabar, petugas menggunakan alat pemotong portabel untuk memotong
bagian mobil yang menjepit kaki korban. Evakuasi berjalan alot karena kaki
korban terjepit.

""Untuk korban sementara ada 3 tapi indikasi banyak cidera, Alhamdulillah tidak
ada korban meninggal dunia. Tadi terakhir yang di evakuasi karena kakinya
tertusuk besi,"" ungkap Denny.

Dampak kejadian ini, arus lalu lintas dari arah Bandung menuju Jakarta
mengalami kemacetan panjang. Petugas melakukan rekayasa arus dengan membuka
satu lajur di bahu jalan.

""Kemacetan sekitar 2 KM, karena lalu lintas bisa tetap mengalir dengan
menggunakan bahu jalan,"" ujarnya.

 ",www.detik.com
