title,date,description,source
"Gantikan Tilang Manual, Polda Metro Jaya Luncurkan E-TLE Mobile","Senin, 24 Okt 2022 17:18 WIB","\-

Direktorat Lalu Lintas (Ditlantas) Polda Metro Jaya akan meluncurkan
_electronic traffic law enforcement_ (E-TLE) _mobile_. E-TLE mobile
diluncurkan untuk meng- _cover_ wilayah yang tidak terdapat E-TLE statis.

""Di Jakarta ini perlu kita sampaikan ada 57 titik ETLE statis. Tentunya ini
belum bisa menjangkau semua ruas jalan yang ada di Jakarta,"" kata Direktur
Lalu Lintas (Dirlantas) Polda Metro Jaya Kombes Latif Usman dalam video yang
diunggah akun Instagram @tmcpoldametro, Senin (24/10/2022).

E-TLE _mobile_ nantinya akan melengkapi E-TLE statis yang belum tersebar di
banyak wilayah. Nantinya ETLE _mobile_akan bergerak menuju tempat-tempat yang
rawan terjadinya pelanggaran lalu lintas.

ADVERTISEMENT

SCROLL TO RESUME CONTENT

""Sehingga diperlukan adanya E-TLE _mobile_ yang akan bergerak ke tempat-tempat
jalan yang rawan pelanggaran. Di sinilah pelanggaran-pelanggaran itu akan
terekam,"" kata Latif.

Sebelumnya, Kapolri Jenderal Listyo Sigit Prabowo menegaskan lagi larangannya
soal tilang manual. Mantan Kabareskrim Polri ini memberikan arahan kepada
jajarannya soal bersikap kepada pengendara yang melanggar lalu lintas.

""Lakukan langkah-langkah edukasi. Kalau ada yang melanggar, tegur, perbaiki,
arahkan, dan kemudian setelah itu dilepas,"" tegas Sigit seperti dilihat dalam
unggahan di akun Instagram @listyosigitprabowo, Jumat (21/10/2022).

Dia memperingatkan jajaran polisi lalu lintas bahwa penegakan hukum di lokasi
dilakukan saat terjadi kejadian menonjol, seperti kecelakaan lalu lintas.
""Kecuali memang sifatnya laka lantas (kecelakaan lalu lintas) dan sebagaimana
yang rekan-rekan harus lakukan penegakan hukum, silakan,"" sambung dia.

Sigit memerintahkan para polantas untuk menggelar operasi simpatik selama 2-3
bulan ke depan. Polisi sabuk putih diminta mengedepankan edukasi berkendara.

""Dua, tiga bulan ke depan lakukan saja Operasi Simpatik. Jadi penegakan hukum
cukup melakukan melalui e-TLE atau e-TLE _mobile_. Tapi terhadap pelanggaran-
pelanggaran, sebaiknya berikan edukasi. Dan pada saat memberikan edukasi,
memberikan pelayanan kepada mereka. Kalau kemudian direspons dengan baik, saya
kira ini adalah momen dan kesempatan rekan-rekan untuk melakukan hal
tersebut,"" tutur mantan Kapolda Banten ini.

Sigit juga sempat menyinggung masalah pemotongan hak anggota. Sigit meminta
agar hak anggota Polri dipenuhi.

""Masalah anggota ini, masih ada hak anggota dipotong. Hak anggota serahkan
pada anggota. Ini juga yang harus rekan-rekan lakukan khususnya di jajaran
lalu lintas,"" pungkas Sigit.

 ",www.detik.com
Kisah Difabel Asal Solo Juarai Lomba Nasional hingga Bekerja di BUMN,"Senin, 24 Okt 2022 17:10 WIB","\-

Hidup di tengah keterbatasan fisik memang bukan perkara mudah untuk
dijalankan. Bukan hanya kesulitan untuk beraktivitas, mereka yang menyandang
status difabel kerap mengalami diskriminasi.

Meskipun begitu seorang difabel asal Solo Jawa Tengah Galuh Puteri Pangesti
tidak mau pasrah begitu saja terhadap keadaan. Ia lebih memilih untuk bangkit
dan kembali menjalani kehidupan meskipun kaki kanannya sudah tidak ada.

Galuh bercerita, sebelum insiden kecelakaan truk terjadi, ia merupakan gadis
kecil yang hidup normal dengan kondisi tubuh sempurna. Bahkan ketika itu, ia
tergolong anak yang cukup pintar dibuktikan dengan sejumlah kejuaraan yang
berhasil dimenangkan olehnya.

ADVERTISEMENT

SCROLL TO RESUME CONTENT

""Dari SD tuh udah seneng ikut lomba, baik olahraga, seni, maupun akademik.
Tapi, pas SD masih random semuanya aku ikut semua gitu. Dulu banyak banget
koleksi piagam soalnya yang bisa disimpan ya piagam, untuk medali dan piala
disimpan oleh pihak sekolah,"" kata Galuh dalam keterangan tertulis, Senin
(24/10/2022).

Saat berada di bangku SMP, Galuh harus menerima kenyataan pahit berupa insiden
kecelakaan motor. Kecelakaan tersebut membuat dirinya harus kehilangan kaki
kanannya. Sebab kaki kanannya terlindas truk saat insiden kecelakaan tersebut
terjadi.

Ketika insiden tersebut terjadi, ia sempat pasrah dengan keadaan. Bahkan ingin
mengubur semua mimpi-mimpinya.

Namun berkat dukungan banyak pihak, Galuh memutuskan untuk bangkit dari
keterpurukan. Ia memilih untuk mencoba menjalankan aktivitas sehari-hari
secara normal.

""Aku cari-cari olahraga apa ya kira-kira, yang cukup ramah buat aku yang masih
newbie jadi penyandang disabilitas dan ketemulah renang. Dari situ aku belajar
dari 0 banget, karena jujur dari kecil nggak pernah bisa renang,"" kata Galuh.

Lambat laun, konsistensi Galuh untuk bangkit di tengah keterpurukan ternyata
berbuah manis. Keahlian berenang yang dimiliki membuat dirinya bergabung salah
satu klub di daerah Solo. Dari situ, ia mengikuti lomba dan menorehkan
sejumlah prestasi. Adapun prestasi yang pernah diraih yakni medali perunggu
kejuaraan renang yang diselenggarakan NPC (National Paralympic Committee)
Indonesia tahun 2017 dan 2 medali perak di Pekan Paralympic Provinsi Jateng
2019.

Sikap pantang menyerah Galuh tidak hanya ditunjukkan dalam dunia olahraga
saja. Galuh memberanikan diri untuk mencari pekerjaan layaknya orang pada
umumnya yang bekerja di kantoran. CV yang dimilikinya pun satu demi satu
dikirim ke sejumlah perusahaan, termasuk Telkom.

Tak disangka, lamarannya ke Telkom Jawa Tengah sebagai calon agent 147
berproses hingga proses wawancara. Namun, pada saat proses wawancara, ia
menyatakan memiliki keahlian tambahan di bidang kreatif seperti adobe family,
desain, hingga editing video. Akhirnya, galuh pun masuk ke dalam tim design.
Hingga akhirnya, kini ia diberikan mandat penuh untuk mengomandoi Divisi
Kreatif Telkom Regional Jawa Tengah semenjak 2018.

""Aku kadang masih suka tanya sama diri sendiri, beneran ga sih aku dipercaya
oleh IndiHome untuk kerja di sini? Kok mereka percaya ya sama aku buat ngasih
kerjaan ini? Karena jujur kepercayaan yang mereka kasih buat aku itu salah
satu hal yang bikin aku ingin kasih kualitas pekerjaan yang bagus terus,""
jelasnya.

Ia mengatakan statusnya sebagai difabel tidak membuat rekan kerjanya memandang
sebelah mata atau diskriminasi. Rekan kerjanya justru turut memberikan
dukungan dan kepercayaan kepada Galuh.

Tidak ada diskriminasi yang Galuh rasakan sejak bergabung di Telkom Regional
Jawa Tengah sejak Desember tahun 2017 lalu. Apresiasi selalu diterimanya jika
melaksanakan tugas dengan baik. Begitu juga sebaliknya, teguran dan hukuman
juga harus diterimanya secara proporsional jika melakukan kesalahan.

TelkomGroup selalu berupaya menghadirkan lingkungan kerja yang saling care,
collaborate, dan contribute. Perhatian lebih yang ditujukan untuk talent
internal tersebut diyakini bisa memupuk rasa empati para talent kepada
konsumen.

""Bersyukur banget selalu dipertemukan dengan orang-orang baik, yang selalu
kasih aku ruang dan kesempatan buat nyoba banyak hal-hal baru dan selalu
percaya kalo aku bisa ngelakuin semuanya, even dengan keterbatasan yang aku
punya,"" tutup Galuh.

 ",www.detik.com
Bocah di Sukabumi Tewas Tertimpa Pilar Pagar Pembatas Jalan,"Senin, 24 Okt 2022 16:34 WIB","\-

AR (8) seorang bocah kelas dua sekolah dasar (SD) tewas seketika saat bermain
ayunan rantai di Desa Sekarwangi, Kecamatan Cibadak, Kabupaten Sukabumi.
Diketahui, rantai itu menghubungkan dua pilar pagar yang terbuat dari batu
bata sebagai pembatas jalan.

Berdasarkan informasi yang dihimpun, kejadian itu berlangsung pada hari ini,
Senin (24/10/2022) pukul 09.00 WIB. Mulanya ada lima anak yang masih duduk di
bangku sekolah dasar sedang bermain di kebun yang biasa disebut Kebun Babeh.

Kemudian sekitar pukul 09.30 WIB, kelima bocah yang masih memiliki ikatan
keluarga ini memainkan rantai yang terpasang di pagar pilar. Rantai itu
dimainkan layaknya ayunan, diduduki oleh kelima bocah tersebut.

  

Diduga karena tidak kuat menahan bobot kelima anak itu, pagar pilar yang
berbahan batu bata tiba-tiba runtuh dan menimpa dua orang anak. Keduanya
berinisial F (9) dan AR (8).

""Awalnya lagi main anak-anak berlima, sekolah libur, daring, karena kelas 5
lagi UNBK. Tadi pas dilihat anak-anak dibawa ke sini sudah luka badannya dan
nggak sadar,"" kata Riski Amalia selaku bibi korban sekaligus orang tua salah
satu anak yang selamat.

Dia mengatakan, anaknya sempat berlari untuk menyelamatkan diri karena takut
tertimpa pagar tersebut. Namun sayang, kedua saudara lainnya tertimpa pilar
pagar tersebut.

""Ada rantai dibikin ayunan berlima, anak saya sama temannya itu bertiga
loncat. Yang dua luka, AR kayanya kakinya nyangkut di rantai sama kepalanya
terbentur,"" sambungnya.

Sementara itu, nenek korban AR, Shinta mengaku kaget saat mendengar cucunya
menjadi korban atas insiden tak terduga itu. Shinta mengira, cucunya hanya
terluka ringan namun ternyata meninggal dunia.

""Saya syok banget, ke AR itu cucu. Anak saya F kelas 3 SD juga korban, dia
cedera kakinya tapi sekarang sudah sembuh (dipijat),"" katanya.

""Kirain hanya kena bata biasa, ternyata seperti pondasi dan pagar. Itu anak-
anak semuanya saudara. Korban meninggal ini cucu karena bapaknya itu ponakan
saya,"" tambahnya.

Dia menyampaikan, AR sempat dibawa ke rumah sakit Kartika namun nyawanya tak
tertolong. Saat ini, korban sudah dikebumikan oleh pihak keluarga.

Kabar itu dikonfirmasi langsung oleh Kapolsek Cibadak AKP Ridwan Ishak.
Pihaknya sudah memasang garis polisi sekaligus melakukan olah Tempat Kejadian
Perkara (TKP).

""Iya itu bentuk musibah, kecelakaan,"" ujarnya singkat.

  
  
  
[Gambas:Video 20detik]  

 ",www.detik.com
"Tabrakan Beruntun Vario-Elf-Truk di Pajarakan, Warga Kraksaan Tewas  ","Wednesday, 21 September 2022","KRAKSAAN, _Radar Bromo_ –Kecelakaan lalu lintas beruntun terjadi di Jalur
Pantura, Desa Sukokerto, Kecamatan Pajarakan, Kabupaten Probolinggo. Rabu
(21/9), sekitar pukul 14.30, seorang pemotor meninggal dunia dalam kejadian
ini. Korban ditemukan tewas di kolong minibus.

Korban adalah Robialadin, 34, warga Desa Rondokuning, Kecamatan Kraksaan,
Kabupaten Probolinggo. Setelah kejadian, identitas korban sempat belum
diketahui. Pengendara Honda Vario 125 bernopol N 2926 ND itu tak membawa
identitas apapun. Tas selempang yang dibawanya hanya berisi nasi dan dua botol
air putih. Serta, kaus tangan dan masker kain.

Dari lokasi kejadian, jenazah korban dievakuasi ke kamar mayat RSUD Waluyo
Jati, Kraksaan. Syukur kemudian identitasnya diketahui. Sekitar pukul 18.00,
jenazah korban dibawa pulang oleh keluarganya.

Ada tiga kendaraan yang terlibat kecelakaan. Selain Honda Vario, ada mobil
Isuzu Elf bernopol N 7383 UQ dan truk kontainer bernopol N 9115 UN. Truk
kontainer ini dikemudikan Firdaus, 26, warga Desa Kandangan, Kecamatan Sabeng,
Kabupaten Lamongan.

Firdaus mengaku, saat itu melaju dari timur dengan kecepatan sedang. Di
depannya ada korban yang mengemudikan Honda Vario. Di depan pemotor itu,
terdapat sebuah mobil Toyota Avanza putih. “Saya hendak ke Tuban mengambil
semen,” ujarnya saat ditemui di lokasi kejadian.

Sesampai di lokasi kejadian, tak jauh dari lapangan Pajarakan, Avanza di depan
motor korban mendadak pelan dan berbelok ke kanan. Menyeberang ke utara jalan.
Firdaus mengaku kaget. Kemudian, menabrak motor yang tepat berada di depannya
yang juga mendadak _ngerem_.

1

 ",www.jawapos.com
Pemeriksaan 2 Saksi Mata Detik-detik Anak Tabrak Ayah dan Ibunya hingga Tewas,"Minggu, 23 Okt 2022 07:00 WIB","\-

Kasus anggota TNI berinisial TI dan istrinya MI di Balikpapan, Kalimantan
Timur (Kaltim) tewas ditabrak putrinya sendiri berinisial AG, terus berproses.
Dua orang akan diperiksa polisi sebagai saksi mata dalam insiden maut itu.

Kasat Lantas Polresta Balikpapan Kompol Ropiyani mengungkapkan kedua orang itu
merupakan sekuriti. Kesaksiannya akan jadi bukti untuk menindaklanjuti kasus
tersebut.

""Untuk tindak lanjut kami sedang BAP saksi, dua orang sekuriti,"" ungkap
Ropiyani kepada Sabtu (22/10/2022).

  

Insiden maut itu diketahui terjadi di Jalan Mulawarman, Kelurahan Manggar,
Kecamatan Balikpapan Timur, Senin (17/10) lalu. Kedua sekuriti tersebut berada
di tempat kejadian perkara (TKP).

""Iya mereka saat kejadian melihat kecelakaan di lokasi. Jadi kita mintai
keterangannya,"" tuturnya.

## Kronologi Tabrakan Maut

Ropiyani menjelaskan detik-detik pasutri TI dan MI ditabrak anak sendiri
hingga tewas. Saat itu TI dan MI berboncengan menggunakan sepeda motor,
sedangkan putrinya inisial AG menyusul mengendarai mobil.

""Korban berboncengan dengan istrinya dari arah kota menuju arah Lamaru pulang
ke Asrama Dodikjur,"" ujar Ropiyani saat dikonfirmasi, Selasa (18/10).

Tiba-tiba korban memperlambat kecepatan motornya sehingga AG yang tepat berada
di belakang tidak sengaja menginjak pedal gas. Akibatnya AG melindas kedua
orang tuanya hingga tewas di tempat.

""Setiba di Jalan Mulawarman depan PT. Schlumberger, korban mengurangi
kecepatan kendaraannya, kemudian datang mobil Toyota Inova warna putih nopol
KT 1242 LW yang dikemudikan oleh AG,"" urai dia.

Ropiyani menuturkan, pengemudi mobil diduga panik hingga salah menginjak pedal
gas. Mobil yang dikemudikan AG pun langsung menabrak motor yang dikendarai
orang tuanya.

""Istri korban terpental dan korban terlindas oleh mobil yang dikendarai
anaknya hingga keduanya meninggal dunia di lokasi,"" bebernya.

## Kondisi Anak yang Tabrak Ortunya

Kasat Lantas Polresta Balikpapan Kompol Ropiyani menuturkan, pihaknya belum
melakukan pemeriksaan terhadap AG, anak yang menabrak orang tuanya (ortu)
hingga tewas. Penyidik masih menunggu petunjuk Balai Pemasyarakatan
Balikpapan.

Pihaknya tidak bisa terburu-buru melakukan pemeriksaan. Pertimbangannya, AG
yang masih berusia 15 tahun tengah syok dan menjalani trauma healing.

""Kami sudah bersurat ke Balai Pemasyarakatan untuk penanganan dan pemeriksaan,
karena yang bersangkutan masih di bawah umur,"" ungkap Ropiyani saat dihubungi,
Sabtu (22/10).

Namun mobil yang dikemudikan AG saat kecelakaan terjadi sudah disita polisi.
Sepeda motor yang dikendarai orantuanya, TI dan MI, juga sudah diamankan di
Polsek Balikpapan Timur.

""Iya barang bukti masih berada di Polsek Balikpapan Timur,"" sebutnya.

 _Simak selengkapnya di halaman berikutnya._

Halaman 1  2

Selanjutnya __

 ",www.detik.com
"12 Contoh Teks Editorial: Pengertian, Jenis dan Struktur yang Mudah Dipahami","Minggu, 23 Okt 2022 01:30 WIB","\-

Teks editorial sering ditemui di media massa mulai dari cetak maupun online.
Teks editorial biasanya digunakan sebagai cara untuk merespons suatu isu atau
permasalahan dengan bahasa yang lugas.

Dengan membaca teks editorial, pengetahuan mengenai sebuah peristiwa akan
menjadi lebih luas. Sebab, di dalam teks editorial berisi pendapat-pendapat
mengenai peristiwa yang sedang diulasnya sehingga pembaca dapat ikut mengambil
kesimpulan sendiri.

Sebelum melangkah ke contoh teks editorial, alangkah baiknya untuk memahami
pengertian dan strukturnya terlebih dahulu. Simak ulasannya berikut ini.

  

## Pengertian Teks Editorial

Teks editorial adalah artikel utama yang ditulis oleh redaktur media massa
yang merupakan pandangan redaksi terhadap suatu peristiwa aktual yang sedang
menjadi sorotan atau kontroversial.

Di media massa, teks editorial juga biasa disebut sebagai tajuk rencana.
Dengan demikian, teks editorial juga bisa disebut sebagai pandangan media
massa terhadap suatu peristiwa yang sedang dibahas.

Dalam teks editorial, permasalahan yang dibahas terkandung fakta peristiwa
sebagai bahan berita. Fakta ini ditelusuri kebenarannya dengan berbagai sumber
agar kebenarannya dapat dipastikan aktual sehingga bukan yang biasa-biasa
saja.

Fakta peristiwa yang dipastikan akan dijadikan sebagai bahan berita dalam
editorial dianalisis untuk menghasilkan sebuah persepsi redaksi. Biasanya
persepsi didasari oleh berbagai dimensi masalah.

Agar persepsi ini memiliki nilai opini yang bermutu tinggi, redaksi akan
menunjukkan berbagai argumentasi. Bersandar pada argumentasi inilah sebuah
editorial diuji mutunya. Jika dipandang sudah mencukupi, redaksi akan
memberikan rekomendasi untuk solusinya.

## Jenis Teks Editorial

Teks editorial dibagi menjadi 3 jenis, yaitu interpretative editorial,
controversial editorial, dan explanatory editorial. Masing-masing jenis
memiliki karakteristik.

#### 1\. Interpretative Editorial

Teks editorial interpretatif merupakan teks editorial yang berusaha
menjelaskan makna isu-isu dari peristiwa yang terjadi yang tengah diangkat
oleh suatu media massa.

Dalam teks tersebut dimasukkan fakta-fakta untuk memberikan pengetahuan kepada
pembaca. Ini dimaksudkan agar pembaca media massa itu dapat memahami kondisi
atau peristiwa yang tengah terjadi melalui perspektif media tersebut.

Jenis editorial ini bisa bersifat positif, negatif, atau netral dalam
pendekatan. Bergantung pada keadaan dan perlakuan penulis editorial terhadap
suatu isu.

#### 2\. Controversial Editorial

Teks editorial kontroversial merupakan tulisan yang dikemas dengan tujuan
untuk menyebarkan sudut pandang tertentu dari redaksi. Jenis ini pada umumnya
dapat meyakinkan pembaca pada kecenderungan atau keniscayaan dari suatu isu
tertentu.

Sebaliknya, sudut pandang yang berlawanan dari hal tersebut akan digambarkan
secara negatif.

#### 3\. Explanatory Editorial

Teks editorial jenis ini hanya menyajikan masalah atau isu yang sedang
terjadi. Sedangkan penilaian atau tanggapan tentang isu tersebut diserahkan
sepenuhnya kepada pembaca.

Pada jenis editorial ini hanya merangsang pembaca untuk terprovokasi mengenai
kepentingannya dari suatu isu yang disajikan. Umumnya, masalah yang dipilih,
yakni kepentingan terkait sosial, politik, dan ekonomi, sehingga pembaca dapat
mudah untuk menilai dan membayangkan solusinya.

## Struktur Teks Editorial

Teks editorial bersifat ekspositoris yang berisi tesis atau pernyataan umum,
diikuti argumentasi-argumentasi secukupnya, dan diakhiri dengan penegasan
argumentasi. Ketiga unsur tersebut wajib hadir dalam teks editorial. Dengan
demikian, struktur umum dari teks editorial meliputi pengenalan isu (tesis),
argumentasi, dan penegasan.

#### 1\. Tesis

Pengenalan isu atau tesis merupakan bagian pendahuluan teks editorial.
Fungsinya adalah mengenalkan isu atau permasalahan yang akan dibahas dalam
bagian berikutnya. Pada bagian pengenalan isu disajikan peristiwa persoalan
aktual, fenomenal, dan kontroversial.

#### 2\. Argumentasi

Argumentasi dalam teks editorial disebut juga sebagai penyampaian pendapat.
Bagian ini merupakan bagian pembahasan yang berisi tanggapan redaksi terhadap
isu yang sudah diperkenalkan sebelumnya.

#### 3\. Penegasan

Penegasan dalam teks editorial berupa simpulan, saran, atau rekomendasi. Di
dalamnya juga terselip harapan redaksi kepada para pihak terkait dalam
menghadapi atau mengatasi persoalan yang terjadi dalam isu tersebut.

## Contoh Teks Editorial

#### 1\. Contoh Teks Editorial 1: Hutan Rusak

(Pengenalan Isu)

Indonesia sering disebut sebagai satu di antara paru-paru dunia. Mengapa
disebut demikian? Tidak lain dan tidak bukan karena luasnya wilayah tropis di
Indonesia. Wilayah hutan yang luas menyumbang banyak oksigen yang dibutuhkan
masyarakat. Namun, apakah ini akan terus berlanjut melihat tingginya kerusakan
hutan dan kebakaran hutan di Indonesia?

(Argumentasi)

Dari Januari hingga Mei, tercatat kebakaran di Indonesia sudah seluas 42.740
hektar. Kebakaran sudah seperti agenda tahunan di Indonesia. Kebakaran hutan
bisa disebabkan oleh musim kemarau yang panjang atau ulah manusia sendiri.

Padahal, hutan memiliki banyak peran bagi kelangsungan makhluk hidup. Bukan
hanya sebagai habitat makhluk hidup di dalamnya, tetapi juga bagi manusia.

(Penegasan)

Oleh karena itu, sebaiknya masyarakat bersama pemerintah bersama-sama memberi
perhatian lebih terhadap hutan di Indonesia karena pada dasarnya, hutan
tersebut hanya titipan yang akan kita wariskan kepada anak cucu kita.

#### 2\. Contoh Teks Editorial 2: Lawan Narkoba

(Pengenalan Isu)

Ketegasan memerangi narkoba di negara ini masih belum tampak. Padahal,
memerangi narkoba butuh ketegasan dan kepastian hukum. Sebab, narkoba
merupakan kejahatan luar biasa yang punya daya rusak.

(Argumentasi)

Narkoba tidak hanya mencengkeram masyarakat, namun juga menjerat sebagian
pejabat negara dan penegak hukum. Tidak sedikit polisi, jaksa, dan hakim yang
seharusnya menjadi garda terdepan dalam memerangi narkoba, justru terjebak di
dalamnya.

Para penegak hukum terlalu lembek memberantas narkoba. Mereka menjadikan hukum
sebagai komoditas dan lahan basah untuk mengeruk keuntungan. Karena keuntungan
itu, penegak hukum justru memberikan perlindungan pada pengedar, bandar, dan
gembong narkoba, bahkan saat mereka berada di penjara.

(Penegasan)

Untuk mengeluarkan para penegak hukum dari jerat narkoba, perlu ketegasan dan
penanganan khusus. Kita yakin, amat yakin, mereka sebenarnya paham bahwa satu-
satunya jawaban untuk meredam sepak terjang para penjahat narkoba hanyalah
ketegasan.

#### 3\. Contoh Teks Editorial 3: Bioskop di Tengah Pandemi

(Pengenalan Isu)

Keputusan Pemerintah DKI Jakarta yang mengizinkan pembukaan bioskop sungguh
janggal. Pasalnya, pandemi COVID-19 belum sepenuhnya terkendali sehingga
pembukaan bioskop dinilai kurang penting dan dikhawatirkan menjadi tempat
penyebaran virus. Kondisi Ibu Kota Jakarta saat ini masih memprihatinkan.

(Argumentasi)

Alasan Gubernur Jakarta, Anies Baswedan, membuka kembali bioskop adalah untuk
menggiatkan kembali ekonomi di bidang industri perfilman yang mati suri.
Memang, sejak bukan Maret 2020 terdapat 343 teater dengan 1.756 layar yang
henti fungsi. Hal ini menyebabkan ribuan karyawan dirumahkan.

Pembukaan bioskop ini diizinkan dengan tetap mematuhi protokol kesehatan
seperti menjaga jarak tempat duduk, mengenakan masker, dan menyediakan hand
sanitizer atau tempat cuci tangan. Namun, pembukaan bioskop dinilai tetap
mengundang keramaian yang menyebabkan penyebaran COVID-19 tak terbendung.

(Penegasan)

Jejaring kontak dengan pasien positif yang dilakukan Indonesia masih di bawah
standar WHO. Hal ini memungkinkan orang yang terinfeksi, tetapi belum
menunjukkan gejala, berkeliaran di luar dan menyebarkan virus tanpa
diketahuinya.

#### 4\. Contoh Teks Editorial 4: Kelangkaan Elpiji

(Pengenalan Isu)

Kenaikan harga BBM diikuti dengan kelangkaan dan kenaikan berbagai macam
kebutuhan pokok membuat masyarakat resah.

Namun, pemerintah telah mengeluarkan kebijakan adanya uji coba perubahan
kompor elpiji menjadi kompor listrik untuk menghemat pengeluaran masyarakat.

(Argumentasi)

Uji coba konversi kompor elpiji menjadi kompor listrik tengah dilakukan PT PLN
di sejumlah kota.Direktur Utama PT PLN mengungkapkan bahwa perubahan tersebut
bisa membuat masyarakat lebih hemat dibandingkan membeli elpiji. Proses
memasak yang dilakukan masyarakat pun dapat lebih hemat hingga 15 persen
dibandingkan menggunakan kompor biasa.

Dampak positif perubahan kompor elpiji ke kompor listrik tidak hanya akan
dirasakan masyarakat, tetapi juga negara. Negara dapat menghemat APBN hingga
lebih dari 300 miliar per tahun.

Apabila penerapan kompor listrik semakin luas dan menjangkau hingga 5 juta
penerima, maka APBN yang akan berhasil dihemat mencapai 5,5 triliun. Selama
proses konversi berlangsung, penjualan elpiji akan tetap dilakukan. Apalagi
masyarakat masih banyak yang bergantung pada penggunaan elpiji dibandingkan
kompor listrik.

(Penegasan)

Efektivitas perubahan elpiji menjadi kompor listrik memang belum teruji.
Namun, masyarakat tetap bisa melakukan langkah antisipasi apabila di kemudian
hari kebijakan yang diterapkan tersebut kurang efektif.

#### 5\. Contoh Teks Editorial 5: Banjir Jakarta

(Pengenalan Isu)

Bencana banjir merupakan satu di antara bencana yang sering melanda Indonesia.
Banjir umumnya terjadi di musim penghujan. Pertanyaannya, apakah banjir murni
disebabkan oleh hujan atau karena ulah manusia?

(Argumentasi)

Sebagai contoh kasus banjir yang sering terjadi di Jakarta. Jakarta memiliki
jumlah penduduk yang padat sehingga lahan serapan sangat sedikit. Selain
padatnya jumlah penduduk, masyarakatnya kurang teredukasi mengenai masalah
kesehatan lingkungan.

Banyak dari mereka yang membuang sampah sembarangan, misalnya di sungai.
Alhasil, sampah menumpuk di sungai dan aliran air menjadi terhambat. Ketika
hujan ekstrem, sungai akan meluap dan banjir pun terjadi.

(Penegasan)

Maka itulah, perlu sekali kesadaran masyarakat bahwa mencegah lebih baik
daripada mengobati. Jangan kemudian ketika sudah banjir baru jera, dan ketika
musim kemarau diulangi kembali.

#### 6\. Contoh Teks Editorial 6: Daerah Ciremai

(Pengenalan Isu)

Kabar pengembalian Wilayah Kerja Panas Bumi (WKP) Gunung Ciremai, Jawa Barat
kepada pemerintah dari PT Chevron cukup melegakan masyarakat setempat. Kita
ingat bahwa Chevron merupakan peserta tunggal dalam lelang WKP Ciremai yang
digelar 2011 lalu. Chevron kemudian ditetapkan sebagai pemenang lelang WKP
tersebut.

(Argumentasi)

Masyarakat yang sebelumnya mengadakan 'perlawanan' bisa bernapas sejenak.

Entahlah, pemerintah yang gagal menangkap keinginan masyarakat atau masyarakat
yang gagal mengerti program pemerintah. Yang pasti gesekan akan kembali
terjadi karena WKP Ceremai kemungkinan akan kembali dilelang. Kita masih ingat
isu yang beredar di masyarakat, bahwa pemerintah menjual Gunung Ciremai pada
Chevron.

Tentunya, isu itu menjadi sangat sensitif mengingat Chevron adalah pihak
asing. Nasionalisme ditambah cinta lingkungan seperti bahan bakar yang memberi
semangat pada masyarakat sekitar, bahkan masyarakat yang berdomisili di laur
Ciremai tapi pernah bertempat tinggal atau sekadar berkunjung.

(Penegasan)

Mereka mengagumi Gunung Ciremai dan khawatir jika proyek panas bumi itu akan
menggerus keindahan Gunung Ciremai. Saatnya pemerintah meninjau ulang program-
programnya. Masyarakat sudah berani bersikap untuk melindungi lingkungannya.
Bukankah tugas pemerintah adalah mengayomi rakyatnya, tanah airnya? Bukan
semata mencari celah keuntungan tapi merusak lingkungan.

#### 7\. Contoh Teks Editorial 7: Mutu Pendidikan

(Pengenalan Isu)

Pendidikan yang berkualitas menjadi sangat penting agar suatu negara dapat
sejajar dengan negara maju. Namun, kenyataannya pendidikan di tanah air belum
sebanding dengan pendidikan yang ada di negara maju.

Setiap lembaga pendidikan perlu mencetak lulusan yang berkualitas. Hal
tersebut menjadi antisipasi terhadap perubahan dan tantangan yang harus
dihadapi oleh setiap orang dalam menjalani kehidupan. Peningkatan kualitas
pendidikan perlu dilakukan dengan upaya yang serius untuk menjawab persoalan
yang dihadapi di masa depan.

(Argumentasi)

Agar dapat memperoleh pendidikan yang bermutu, maka setiap lembaga pendidikan
perlu memberikan dukungan kepada setiap peserta didik. Beberapa tantangan yang
akan dihadapi diantaranya kemajuan IPTEK, globalisasi, dan tenaga ahli yang
mumpuni.

Namun saat ini, semua sudah lebih mudah dengan adanya teknologi seperti
internet. Dengan internet, materi belajar dapat dicari dengan mudah. Hal itu
juga menjadikan guru bukanlah satu-satunya sumber ilmu. Peran guru pun sudah
bergeser menjadi motivator, dinamisator, dan motivator.

(Penegasan)

Peran guru masih sangat penting dan tidak tergantikan untuk memberikan
pendidikan terbaik. Oleh karena itu, sistem pendidikan yang ada di lembaga
pendidikan juga perlu ditingkatkan untuk memberikan kualitas terbaik

#### 8\. Contoh Teks Editorial 8: Transportasi Umum

(Pengenalan Isu)

Dari tahun ke tahun, kemacetan menjadi masalah yang terus bertambah parah.
Anekdot kemudian bermunculan seperti ""Tua di Jalan"" datang untuk mengkritik
pemerintah mengenai kebijakannya dalam mengatur transportasi Indonesia.

Kemacetan di jalan tetap terjadi dan semakin parah memang hasil yang logis
dari beberapa faktor, seperti meningkatnya jumlah penduduk, naiknya jumlah
pembelian kendaraan pribadi, dan lambatnya pembangunan infrastruktur
penghubung antar lokasi.

(Argumentasi)

Berdasarkan data organisasi kesehatan dunia atau WHO, pada tahun 2019,
Indonesia menduduki peringkat kedelapan di Asia Tenggara dengan tingkat
kematian akibat kecelakaan lalu lintas, dengan data kematian mencapai 12,2
persen dari 100.000 populasi.

Hal ini tentu saja dapat diminimalisasi dengan beralihnya kebiasaan perjalanan
dengan menggunakan angkutan umum. Saat ini, peran pemerintah sangat penting
dalam hal pembangunan infrastruktur transportasi, baik dari kualitas armada
maupun fasilitas yang memudahkan masyarakat untuk menggunakan transportasi
umum.

Namun, tantangan selanjutnya adalah besarnya anggaran dan biaya yang harus
dibayar untuk membangun sebuah sistem transportasi tersebut. Dengan keadaan
melemahnya seluruh ekonomi di dunia pasca pandemi berlangsung, pemerintah
perlu bijak dalam menetapkan prioritas pembangunan.

(Penegasan)

Keadaan ini tentunya tak hanya dihadapi Indonesia. Banyak negara lain dengan
kondisi yang relatif sama, tapi cukup berhasil mengatasi masalah kemacetan
tersebut dengan mengembangkan transportasi umum yang memadai.

Indonesia tentunya dapat mencontoh hal positif tersebut untuk kebaikan bagi
generasi selanjutnya. Namun, jika keputusan sudah dibuat, seharusnya konsisten
dengan hal tersebut agar kita tak kembali mendengar hal buruk semacam proyek
mangkrak, dan hal-hal negatif lainnya yang hanya menghabiskan anggaran negara.

#### 9\. Contoh Teks Editorial 9: Asupan Gula

(Pengenalan Isu)

Anak-anak memang suka dengan makanan manis. Padahal konsumsi gula pada anak-
anak sering dianggap kurang baik, terutama untuk kesehatan gigi anak. Namun,
apakah benar tidak ada dampak positif dari konsumsi gula pada anak?

(Argumentasi)

Menurut dr. Putri Sakti, gula memiliki beberapa jenis. Satu diantaranya adalah
sukrosa atau yang biasa dikenal sebagai gula pasir. Saat gula pasir diolah
dalam tubuh akan mampu menghasilkan energi yang penting untuk anak. Kemudian
ada juga jenis lain yang disebut laktosa, yakni jenis gula yang diproduksi
dari susu sapi dan produk turunannya. Laktosa ini bermanfaat untuk energi otak
anak, memperlancar sistem pencernaan, serta pertumbuhan tulang. Konsumsi gula
akan membawa dampak positif asalkan dikonsumsi sesuai dengan kadar yang telah
ditentukan WHO maupun Kementerian Kesehatan. Anjuran tersebut menyatakan bahwa
anak-anak usia 7-12 tahun sebaiknya tidak mengkonsumsi gula lebih dari 2-3
sendok makan per hari.

(Penegasan)

Tidak perlu takut untuk memberikan asupan gula kepada anak asalkan masih dalam
kadar sesuai yang dianjurkan.

#### 10\. Contoh Teks Editorial 10: Endorse Selebgram

(Pengenalan Isu)

Jika dahulu ketika orang ingin mengiklankan suatu produk harus melalui
televisi ataupun media lainnya, kini selebgram dan artis hadir seakan memberi
alternatif baru. Namun sayang, penggunaan selebgram dan artis untuk jasa
endorse dengan tujuan meningkatkan penjualan rasanya kurang tepat.

(Argumentasi)

Selebgram maupun artis memang terlihat menjanjikan dengan jumlah pengikut yang
tinggi serta kemampuan persuasif. Tapi faktanya, menurut data dari Social
Media Week, jasa endorsement hanya meningkatkan sekitar 4% dari penjualan.

(Penegasan)

Pelaku usaha tentunya harus berpikir kembali dalam menentukan cara lebih
efektif untuk meningkatkan penjualan.

#### 11\. Contoh Teks Editorial 11: Kebakaran Hutan

(Pengenalan Isu)

Telah terjadi peristiwa bencana alam yakni kebakaran hutan di wilayah
Kalimantan, Indonesia. Kejadian ini diperkirakan disebabkan oleh musim kemarau
sehingga memicu terjadinya kebakaran hutan. Hutan yang sudah terbakar sebagian
dan asap tebal di mana-mana mengancam kehidupan manusia dan makhluk hidup
lainnya.

(Argumentasi)

Diperkirakan akan muncul beberapa penyakit yang akan menyerang manusia dan
hewan serta tumbuh-tumbuhan akibat asap dari kebakaran hutan yang tebal.
Penyakit yang akan menyerang adalah sistem pernapasan. Masyarakat berharap
semua pihak dikerahkan Pemda atau pusat untuk segera mengatasi bencana
tersebut agar kerugian tidak berimbas dan makin banyak lagi.

Di sini masih terdapat beberapa pohon yang masih hidup dan dekat dengan api
yang menyala, ini membuat para pencinta alam prihatin karena pohon-pohon itu
akan mati dan hilangnya daerah resapan air apabila musim penghujan telah tiba.

(Penegasan)

Para pencinta alam menyebutkan apabila telah hilang daerah resapan air maka
akan menimbulkan bencana seperti banjir yang akan menyerang pemukiman warga.
Selain itu juga makhluk hidup lain, seperti hewan, akan kehilangan ekosistem.

#### 12\. Contoh Teks Editorial 12: Hukum Narkoba

(Pengenalan Isu)

Ketegasan memerangi narkoba di negara ini masih belum tampak. Padahal,
memerangi narkoba butuh ketegasan dan kepastian hukum. Sebab, narkoba
merupakan kejahatan luar biasa yang punya daya rusak

(Argumentasi)

Narkoba tidak hanya mencengkeram masyarakat, namun juga menjerat sebagian
pejabat negara dan penegak hukum. Tidak sedikit polisi, jaksa, dan hakim yang
seharusnya menjadi garda terdepan dalam memerangi narkoba, justru terjebak di
dalamnya.

Para penegak hukum terlalu lembek memberantas narkoba. Mereka menjadikan hukum
sebagai komoditas dan lahan basah untuk mengeruk keuntungan. Karena keuntungan
itu, penegak hukum justru memberikan perlindungan pada pengedar, bandar, dan
gembong narkoba, bahkan saat mereka berada di penjara.

(Penegasan)

Untuk mengeluarkan para penegak hukum dari jerat narkoba, perlu ketegasan dan
penanganan khusus. Kita yakin, amat yakin, mereka sebenarnya paham bahwa satu-
satunya jawaban untuk meredam sepak terjang para penjahat narkoba hanyalah
ketegasan bukan sekadar teks jargon dalam iklan layanan masyarakat.terhadap
pendidikan di Indonesia.

  
  
  
[Gambas:Video 20detik]  

 ",www.detik.com
"Bus Masuk Jurang di Kapuas Hulu Kalbar, 17 Penumpang Terluka","Minggu, 23 Okt 2022 01:42 WIB","\-

Sebuah bus terperosok ke jurang di Kapuas Hulu, Kalimantan Barat (Kalbar).
Akibatnya, 17 penumpang mengalami luka.

""Untuk korban meninggal dunia nihil, 14 orang luka ringan, 3 orang dirujuk ke
rumah sakit (RS) Sintang,"" jelas Kasat Lantas Polres Kapuas Hulu Iptu Usman
Hasibuan kepada , Sabtu (22/10/2022).

Kecelakaan itu terjadi di Jalan Kenerak-Semitau, Dusun Kenerak, Kecamatan
Semitau pada Sabtu (22/10) pagi. Sopir bus, Heriyanto (35) diduga mengantuk.

ADVERTISEMENT

SCROLL TO RESUME CONTENT

""Diduga akibat supir mengantuk, sehingga mengakibatkan kendaraan bus yang
dikendarai sopir hilang kendali dan terjatuh ke jurang dengan kedalaman kurang
lebih 8 meter,"" kataUsman.

Bus tersebut membawa 35 penumpang dan satu kernet. Bus rute Pontianak-Badau
itu terjun ke jurang dengan posisi terbalik.

""Dari 17 korban, 4 di antaranya anak-anak, dan 3 masih balita, mereka yang
mengalami luka-luka langsung dibawa ke Puskesmas Seberuang,"" terangnya.

Simak berita selengkapnya di sini

[Gambas:Video 20detik]

  
  

 ",www.detik.com
"Tabrakan dengan Mobil, Pengendara Motor Meninggal di TKP",10 October 2022 11:45 AM,"PANARUKAN , _Jawa Pos Radar Situbondo_ – Kecelakaan maut terjadi di Jalan
Cempaka, Desa Sumberkolak, Kecamatan Panarukan, Kamis (6/10) malam. Satu orang
meninggal di tempat kejadian perkara (TKP). Korban berinisial FN, 25, warga
Kecamatan Panarukan.

Pria yang bekerja swasta tersebut, tewas setelah kendaraannya bernopol P 2389
DR adu moncong dengan mobil Avanza dengan nopol P 1231 DG. Mobil yang
dikendarai perempuan berinisial, TSI, 38, warga Kecamatan Panarukan.
“Kecelakaan antara dua kendaraan tersebut terjadi pada pukul 20.30 tepatnya di
KM 190,800 dari arah Surabaya,” ujar Kanitlaka Polres Situbondo, Ipda Kadek
Yasa.

Kadek mengatakan, kecelakaan bermula saat sepeda motor yang dikendarai FN
melaju dari arah barat ke timur. Dengan kecepatan tinggi, kendaraan korban
tiba-tiba oleng ke kanan jalan. Saat itulah dari arah berlawanan muncul mobil
avanza. “Jalan yang dilalui cukup gelap dan banyak tikungan. Karena jarak
kendaraan cukup dekat, sepeda motor langsung menyeruduk mobil tersebut tepat
di bagian depan,” terangnya.

Akibat kerasnya benturan tersebut, FN langsung terpental cukup jauh dan
seketika meninggal di TKP. “Pengendara motor yang meninggal, untuk pengendara
mobil hanya mengalami luka ringan,” ungkapnya.

Kadek menambahkan, pengendara mobil mengalami cidera pada paha kaki kiri,
memar pada kelopak mata dan lecet pada lengan tangan. Mobil yang dikendarainya
juga mengalami ringsek di bagian depan. “Kedua kendaraan sama-sama ringsek,
paling parah sepeda motor yang dikenakan FN. Semuanya langsung diamankan,
Sedangkan korban dibawa ke rumah sakit,” jelasnya. (rio/pri)

 ",www.jawapos.com
Seruan Moral Agar Ketum PSSI Mundur dari Jabatan,"Minggu, 23 Okt 2022 05:10 WIB","\-

Desakan agar Ketum PSSI Mochamad Iriawan atau Iwan Bule dan jajarannya mundur
dari jabatannya sebelumnya direkomendasikan Tim Gabungan Investigasi Pencari
Fakta (TGIPF) Tragedi Kanjuruhan. Menko Polhukam Mahfud Md pun menanggapi jika
munculnya desakan mundur tersebut merupakan seruan moral sehingga jika tidak
dipenuhi bisa disebut amoral.

""Yang sering dipertanyakan, bagaimana soal mengundurkan diri, itu kan seruan
moral, bukan seruan hukum. Kan itu tanggung jawab moral mereka,"" ungkap Mahfud
usai menghadiri pemberian penghargaan doktor honoris causa kepada Kepala Staf
Kepresidenan Mooeldoko di Unnes Semarang dilansir , Sabtu (22/10/2022).

Mahfud pun menegaskan jika pemerintah tidak akan mengintervensi untuk meminta
mundur. Mahfud menuturkan pemerintah tahu aturan. Namun menurutnya harus ada
pertanggungjawaban secara moral. Namun Mahfud tidak menyebut spesifik siapa
sosok yang harus bertanggungjawab secara moral.

  

""Tidak perlu peraturan. 'Saya mundur selesai'. Kalau nggak mundur, nggak apa-
apa, tapi secara moral bisa dianggap tidak tanggung jawab, bisa dianggap
amoral.... Itu seruan moral dijawab dengan moral. Kita nggak akan intervensi,
kita tahu aturan,"" jelasnya.

Awalnya, Mahfud menyinggung soal hasil uji laboratorium gas air mata dari
Badan Riset dan Inovasi Nasional (BRIN). Hasilnya diungkap Mahfud telah
diterima TGIPF Tragedi Kanjuruhan.

""Begini, saya menerima hasil lab dari BRIN tentang kecelakaan atau Tragedi
Kanjuruhan, yang diperiksa gas air matanya, selongsongnya kan bermacam-macam.
Saya nggak bisa baca karena harus ahli,"" tutur Mahfud.

Hanya saja kata Mahfud, hasil uji lab bahan kimia gas air mata tidak akan
berpengaruh pada kesimpulan TGIPF. Ini lantaran penembakan gas air mata
menjadi pemicu kepanikan sehingga penonton berdesak-desakan sehingga
menyebabkan banyak korban jiwa.

""Cuma (hasil lab itu) tidak berpengaruh pada kesimpulan tim TGIPF. Karena
TGIPF kesimpulannya antara lain bahwa kematian disebabkan oleh penembakan
dengan gas air mata, bukan kimianya, tapi penembakannya membuat mata perih,
napas sesak, panik, berdesakan, mati. Nanti hasil tidak bicara kandungan
kimia, tidak penting. Karena kematian jelas karena desak-desakan,"" kata
Mahfud.

""Nanti hasil lab perlu kalau perlu proses hukum pidananya. Hukum pidana sudah
jalan sesuai rekomendasi TGIPF,"" sambungnya.

### TGIPF Rekomendasikan Ketum PSSI Mundur

TGIPF Tragedi Kanjuruhan sebelumnya telah menyerahkan rekomendasi ke Presiden
Joko Widodo (Jokowi). Salah satu poin rekomendasinya meminta Ketum PSSI mundur
dari jabatan sebagai bentuk pertanggungjawaban moral.

""Secara normatif, pemerintah tidak bisa mengintervensi PSSI, namun dalam
negara yang memiliki dasar moral dan etik serta budaya adiluhung, sudah
sepatutnya Ketua Umum PSSI dan seluruh jajaran Komite Eksekutif mengundurkan
diri sebagai bentuk pertanggungjawaban moral atas jatuhnya korban sebanyak 712
orang, di mana saat laporan ini disusun sudah mencapai 132 orang meninggal
dunia, 96 orang luka berat, 484 orang luka sedang ringan yang sebagian bisa
saja mengalami dampak jangka panjang,"" tulis laporan TGIPF Tragedi Kanjuruhan.

 _Simak selengkapnya di halaman selanjutnya.._

Halaman 1  2

Selanjutnya __

 ",www.detik.com
Pesona Bangunan Baru Jembatan Bolong Mamuju: Jadi Tempat Istirahat-Spot Foto,"Senin, 24 Okt 2022 18:20 WIB","\-

Jembatan Bolong di Kabupaten Mamuju, Sulawesi Barat (Sulbar) masih menyimpan
misteri. Namun di balik cerita horornya, desain pada bangunan jembatan yang
baru dibuat tidak jauh dari jembatan pertama itu kini menjadi pemandangan yang
indah bagi masyarakat.

Alih fungsi dari jembatan lama ke jembatan baru resmi dilakukan sejak Maret
2014 lalu. Ini bertepatan dengan peresmian Jembatan Bolong yang diresmikan
oleh mantan Gubernur Sulbar Anwar Adnan Shaleh.

Lokasi jembatan baru ini berada tidak jauh dari Jembatan Bolong yang lama.
Jembatan dibangun di atas Sungai Takandeang, Desa Takandeang, Kecamatan
Tappalang, Kabupaten Mamuju. Jembatan ini menjadi jalur Trans Sulawesi Mamuju-
Makassar menggantikan jembatan lama.

  

Karena dibangun untuk menggantikan jembatan yang lama, maka jembatan baru itu
tetap dinamai Jembatan Bolong. Namun jembatan ini juga populer disebut
Jembatan Kuning mengikuti warna cat pada jembatan.

Jembatan baru ini dibangun dengan konstruksi yang lebih kokoh. Luas jembatan
juga cenderung lebih besar dari jembatan yang lama. Ditambah lagi dengan
desain arsitektur yang estetis.

![Jembatan Bolong Mamuju, Sulawesi Barat
\(Sulbar\).](https://akcdn.detik.net.id/community/media/visual/2022/10/24/jembatan-
bolong-mamuju-sulawesi-barat-sulbar-3_169.jpeg?w=620)Jembatan Bolong Mamuju,
Sulawesi Barat (Sulbar). Foto: (Hafis Hamdan/detikcom)  
  
---  
  
Di sekitar area jembatan juga terlihat bersih dan asri. Hijaunya pepohonan dan
aliran Sungai Takandeang terdengar jelas di atas jembatan tersebut. Kini rumah
warga dan kios-kios sudah mulai ramai di sepanjang jalan sekitar jembatan.

Tak sedikit warga Mamuju bahkan pengendara menjadikan jembatan baru itu tempat
berswafoto untuk diunggah ke media sosial. Corak khas jembatan ditambah warna
yang cerah menjadi daya tarik tersendiri di balik kisah horor jembatan ini.

Apalagi di ujung jembatan, sebuah masjid sudah berdiri kokoh. Masjid ini
sering dijadikan sebagai tempat untuk beristirahat oleh pengendara, terutama
yang melakukan perjalanan jauh.

## Kisah Jembatan Angker Minta Tumbal

![Jembatan Bolong Mamuju, Sulawesi Barat
\(Sulbar\).](https://akcdn.detik.net.id/community/media/visual/2022/10/24/jembatan-
bolong-mamuju-sulawesi-barat-sulbar-1_169.jpeg?w=620)Kondisi bangunan lama
Jembatan Bolong Mamuju, Sulawesi Barat (Sulbar). Foto: (Hafis Hamdan/detikcom)  
  
---  
  
Jembatan Bolong yang lama dipercaya warga memiliki cerita mistis yang kuat.
Kecelakaan lalu lintas yang kerap terjadi di jalan tersebut pun sering
dikaitkan dengan hal-hal mistis.

Suatu ketika, pernah terjadi kecelakaan maut yang menewaskan belasan penumpang
bus di Jembatan Bolong. Peristiwa itu terjadi pada tahun 2006 silam. Bus
tersebut menabrak pembatas jembatan hingga akhirnya terjatuh ke jurang.

Berdasarkan hasil investigasi kala itu, kecelakaan diidentifikasi karena rem
blong. Namun tak sedikit warga Mamuju percaya kecelakaan maut itu disebabkan
oleh penunggu jembatan yang sedang meminta tumbal.

""Dulu memang ada kecelakaan bus tahun 1990-an dan awal 2000-an kalau tidak
salah dan banyak penumpang tewas. Dari situ tambah banyak warga yang percaya
memang minta tumbal ini jembatan. Jembatan yang dikenal sekali angkernya di
Mamuju kalau ini (Jembatan Bolong),"" ucap warga setempat Irfan, Jumat
(21/10/2022).

Pada tahun 1990-an hingga 200-an, beberapa kejadian aneh kerap dialami
pengendara yang melintas seperti tiba-tiba mati mesin. Kejadian itu kemudian
dihubungkan dengan makhluk astral yang tengah usil mengganggu.

Konon, pada malam Jumat makhluk astral yang mendiami Jembatan Bolong akan
mengeluarkan suara-suara aneh hingga menampakkan diri. Makhluk tersebut
berdiri di atas pembatas jembatan atau pepohonan.

  
  
  
[Gambas:Video 20detik]  

 ",www.detik.com
"Kronologi Bus di Kalbar Terjun ke Jurang 8 Meter, Sopir Diduga Mengantuk","Sabtu, 22 Okt 2022 22:15 WIB","\-

Sebuah bus di Kapuas Hulu, Kalimantan Barat (Kalbar) terjun ke jurang sedalam
8 meter diduga karena sopir mengantuk. Kecelakaan ini menyebabkan 17 penumpang
luka dan 3 di antaranya dilarikan ke rumah sakit (RS).

""Diduga akibat sopir mengantuk, sehingga mengakibatkan kendaraan bus hilang
kendali dan terjatuh ke jurang dengan kedalaman kurang lebih 8 meter,"" ucap
Kasat Lantas Polres Kapuas Hulu Iptu Usman Hasibuan kepada , Sabtu
(22/10/2022).

Iptu Usman membeberkan peristiwa tersebut terjadi Sabtu (22/10) sekitar pukul
06.50 WIB. Awalnya bus dengan nomor polisi KB 7510 F diketahui berangkat dari
Pontianak menuju Badau dengan membawa 35 penumpang dan satu orang kernet.
Namun nahas bus tersebut tiba-tiba oleng saat berada di Jalan Kenerak-Semitau
Dusun Kenerak Kecamatan Semitau hingga terjun ke jurang.

  

""Saat jatuh bus sempat terguling dan saat berada di jurang posisinya
terbalik,"" terangnya.

Usman menjelaskan, para penumpang kemudian berusaha menyelamatkan diri dari
bus yang dalam kondisi terbalik tersebut. Mayoritas penumpang mengalami luka
lecet dan memar.

""Tapi ada yang luka berat dan kami rujuk ke puskesmas dan rumah sakit
terdekat,"" kata Usman.

""Dari 17 korban, 4 di antaranya anak-anak, dan 3 masih balita, mereka yang
mengalami luka-luka langsung dibawa ke Puskesmas Seberuang,"" sambungnya.

Menurut Usman, para penumpang merupakan transmigran dari Jawa Timur. Mereka
bekerja di salah satu perusahaan kelapa sawit di Kecamatan Badau.

""Pendatang dari Jawa Timur, satu kelompok lah tujuannya ke perusahaan sawit
untuk bekerja,"" terangnya.

Lebih lanjut Usman menerangkan, saat ini pihaknya belum mengevakuasi bus yang
berada di dalam jurang. Sementara sang supir pun saat ini belum dapat dimintai
keterangan lantaran mengalami trauma usai kecelakaan tersebut.

""Rencananya besok (bus) akan kami angkut menggunakan alat berat, dan begitu
juga sopir besok baru kita periksa karena masih dalam keadaan trauma,""
pungkasnya.

  
  
  
[Gambas:Video 20detik]  

 ",www.detik.com
Insiden Truk Molen Tabrak Jembatan Lalu Terjun ke Sungai Sebabkan 2 Orang Tewas,"Minggu, 23 Okt 2022 08:39 WIB","\-

Truk molen terjun ke sungai usai menabrak jembatan di Jalan Desa Wanglun
Wetan, Kecamatan Senori, Tuban. Dalam insiden ini, dua korban ditemukan tewas
dan satu lainnya masih hilang.

Kejadian ini berlangsung, Jumat (21/10/2022) sekitar pukul 21.30 WIB. Truk
bernopol B 9299 TIN itu mencoba menghindari motor. Satu orang yang ditemukan
tewas merupakan kru penunjuk jalan. Sementara dua orang lainnya, yakni sopir
dan kernet masih dalam proses pencarian hingga siang ini.

""Truk tronton mixer berjalan dari arah barat ke timur, sewaktu di TKP melalui
jembatan, berpapasan dengan sepeda motor tidak diketahui identitasnya,
kemudian menghindar ke kiri dan terperosok masuk ke sungai,"" jelas Kanit Laka
Sat Lantas Polres Tuban Iptu Eko kepada , Sabtu (22/10/2022).

Korban tewas diketahui bernama Muttaqin (37), warga Desa Kedungharjo,
Bangilan, Tuban. Ia ditemukan tewas saat tim SAR dan BPBD Tuban mengevakuasi
truk.

Sedangkan dua korban yang hilang yakni sopir atas nama Nanang (32), warga Desa
Maibit RT 8 RW 1 Kecamatan Rengel. Lalu kernet bernama Fatih (25), warga Desa
Kepohagung, Kecamatan Plumpang, Tuban. Keduanya masih dalam pencarian karena
diduga tenggelam.

![Truk molen tabrak jembatan hingga terjun ke sungai di
Tuban](https://akcdn.detik.net.id/community/media/visual/2022/10/22/truk-
molen-tabrak-jembatan-hingga-terjun-ke-sungai-di-tuban-2_169.jpeg?w=620)Truk
molen tabrak jembatan hingga terjun ke sungai Tuban/ Foto: Dokumentasi Sat
Lantas Polres Tuban  
  
---  
  
Namun jenazah sopir truk molen yang tercebur di bawah jembatan Dam Seng,
ditemukan Sabtu (22/10/2022) jelang magrib. Proses pencarian korban laka
tunggal tersebut berlangsung dramatis. Tim penyelam juga dilibatkan guna
membantu pencarian korban.

""Ini kita juga dibantu tim penyelam dari SG dan rekan marinir. Namun, karena
waktu sudah malam dan tali seling crane putus, proses evakuasi dan pencarian
korban kernet dilanjutkan besok pagi,"" tambahnya.

Terkait penyebab kecelakaan, diduga karena sopir kurang konsentrasi. Truk
tersebut diketahui berusaha menghindar motor, lalu menabrak pembatas jembatan
hingga tercebut sungai.

""Diduga pengemudi truk nopol B 9299 TIN, tidak konsentrasi depan Jalan lurus,
sempit beraspal. Di lokasi jembatan, tidak ada lampu penerangan jalan, arus
lalu lintas sepi, kanan kiri jalan sungai,"" ungkapnya.

Sementara hingga kini kenek korban bernama Fatih (25) belum ditemukan. Tim SAR
gabungan melajutkan pencarian korban pagi ini. Rencananya, hari ini akan
didatangkan crane untuk mengangkat bangkai kendaraan tersebut.

Pantauan detikJatim di lokasi kejadian siang ini, tampak para penduduk sekitar
ikut menyaksikan proses pencarian korban oleh tim SAR. Kondisi sungai airnya
juga deras.

  
  
  
[Gambas:Video 20detik]  

 ",www.detik.com
Tragis Bus Muat 35 Penumpang di Kapuas Hulu Terjun ke Jurang,"Minggu, 23 Okt 2022 09:00 WIB","\-

Tragis sebuah bus di Kapuas Hulu, Kalimantan Barat (Kalbar) yang memuat 35
penumpang terjun ke jurang. Kendaraan hilang kendali gegara sopir diduga
mengantuk saat mengemudi.

""Diduga akibat supir mengantuk, sehingga mengakibatkan kendaraan bus yang
dikendarai sopir hilang kendali dan terjatuh ke jurang dengan kedalaman kurang
lebih 8 meter,"" ungkap Kasat lantas Polres Kapuas Hulu Iptu Usman Hasibuan
kepada Sabtu (22/10/2022).

![Bus di Kapuas Hulu terjun ke
jurang](https://akcdn.detik.net.id/community/media/visual/2022/10/22/bus-di-
kapuas-hulu-terjun-ke-jurang_169.jpeg?w=620)Bus di Kapuas Hulu terjun ke
jurang dalam keadaan terbalik. Tidak ada korban jiwa dalam kecelakaan
tersebut. Foto: Istimewa  
  
---  
  
Peristiwa itu terjadi di Jalan Kenerak-Semitau, Dusun Kenerak, Kecamatan
Semitau, Sabtu (22/10) sekitar pukul 06.50 WIB. Akibat insiden tersebut,
sebanyak 17 penumpang luka-luka dimana 3 di antaranya dilarikan ke rumah sakit
(RS) karena luka berat.

  

""Untuk korban meninggal dunia nihil, 14 orang luka ringan, 3 orang dirujuk ke
rumah sakit Sintang,"" bebernya.

Usman memaparkan, dari 17 korban luka-luka ada 4 di antaranya anak-anak dan 3
lainnya balita. Mereka turut dibawa ke Puskesmas Seberuang untuk diperiksa
kondisinya.

""Dari 17 korban, 4 di antaranya anak-anak, dan 3 masih balita, mereka yang
mengalami luka-luka langsung dibawa ke Puskesmas Seberuang,"" urai dia.

Usman menjelaskan bus tersebut dikemudikan Heriyanto (35). Kendaraan bernomor
polisi KB 7510 F itu berangkat dari Pontianak menuju Badau dengan membawa 35
penumpang dan 1 kernet.

Para penumpang bus merupakan transmigran dari Jawa Timur. Mereka bekerja di
salah satu perusahaan kelapa sawit di Kecamatan Badau.

""Pendatang dari Jawa Timur, satu kelompok lah tujuannya ke perusahaan sawit
untuk bekerja,"" paparnya.

Usman melanjutkan, kendaraan tiba-tiba oleng saat berada di Jalan Kenerak-
Semitau, Dusun Kenerak, Kecamatan Semitau. Tidak berselang lama bus terguling
masuk ke jurang.

""Saat jatuh bus sempat terguling dan saat berada di jurang posisinya
terbalik,"" terang Usman.

Usman menjelaskan, para penumpang kemudian berusaha menyelamatkan diri dari
bus yang dalam kondisi terbalik tersebut. Mayoritas penumpang mengalami luka
lecet dan memar.

## Bus Baru Dievakuasi Hari Ini

Bus yang terjatuh di jurang juga baru akan dievakuasi pada Minggu (23/10) hari
ini. Alat berat akan dikerahkan untuk mengangkut bus dari jurang.

""Rencananya besok (hari ini) akan kami angkut menggunakan alat berat,"" tegas
Usman.

Polisi belum memeriksa sopir bus bernama Heriyanto (35) terkait kecelakaan
tersebut. Alasannya kondisi pengemudi masih trauma.

""Begitu juga sopir besok baru kita periksa karena masih dalam keadaan trauma,""
tandasnya.

  
  
  
[Gambas:Video 20detik]  

 ",www.detik.com
"Truk Terjun ke Jurang di Penatapan Karo, Sopir Luka-luka","Minggu, 23 Okt 2022 09:35 WIB","\-

Sebuah truk jatuh ke jurang di kawasan Penatapan, Kabupaten Karo, Sumatera
Utara (Sumut). Tak ada korban jiwa dalam insiden ini, namun sang sopir sendiri
mengalami luka-luka.

Dalam video yang beredar dilihat , tampak sejumlah orang sedang mengevakuasi
seorang pria yang diketahui sopir truk tersebut. Sang sopir tampak terjepit di
truk yang dikendarainya itu.

Kasi Humas Polres Karo Iptu Syahril Lubis membenarkan adanya peristiwa itu
terjadi pada Sabtu (22/10) malam. Kata Syahril, tak ada korban jiwa dalam
peristiwa itu.

  

""Benar ada jenis Truk Fuso (jatuh ke jurang) terjadi sekira pukul 21.00 WIB,
di Penatapan Desa Doulu. Korban Jiwa Nihil,"" kata Syahril dimintai konfirmasi,
Minggu (23/10/2022).

Sejauh ini Syahril belum menjelaskan kronologis kejadiannya. Namun, kata
Syahril sopirnya hanya mengalami luka-luka.

""Kondisi (sopir) hanya luka- luka dan mobil masih menunggu mobil yang akan
menariknya (dari jurang),"" sebut Syahril.

  
  
  
[Gambas:Video 20detik]  

 ",www.detik.com
"Kecelakaan di Bromo Tewaskan Bapak dan Anak, Cucunya Selamat","Senin, 24 Okt 2022 16:32 WIB","\-

Siswaji dan Anggelya Ayunda, ayah dan anak, pengendara motor tewas dalam
kecelakan tunggal di Desa Wonokitri, Kecamatan Tosari, Kabupaten Pasuruan.
Seorang anak balita 4 tahun selamat dalam insiden maut itu.

Kecelakaan bermula saat Siswaji (52), warga Dusun Jetak, Desa Podokoyo,
Kecamatan Tosari, mengendarai motor Vario N 5133 NC bersama anaknya, Anggelya
Ayunda. Mereka hendak menuju ke Desa Wanatara, Kecamatan Sukapura, Kabupaten
Probolinggo, Senin (24/10/2022) pukul 07.30 WIB.

Sampai di Blok S, Pakis Bincil, perbatasan jalan aspal dan laut pasir, masuk
Desa Wonokitri, kecelakaan terjadi. Motor korban diduga alami rem blong dan
terperosok. Korban diduga terlempar dari motor dan meninggal dunia di lokasi.

""Pak Siswaji Bu Ayu meninggal dunia,"" jelas Plt Camat Tosari, Hendy.

Hendy menjelaskan saat itu Siswaji ternyata bukan hanya berboncengan dengan
Ayunda. Cucu Siswaji yang juga anak Ayunda, ikut dalam perjalanan yang
berujung kecelakaan itu.

""Jadi Pak Siswaji ternyata mengendarai motor bersama Bu Ayu dan anaknya Bu
Ayu, Anandya Lavina Calista Maharani usia empat tahun. Anaknya Bu Ayu selamat
dalam kecelakaan itu,"" jelas Hendy.

Kapolsek Tosari AKP Dedy Suryo Cahyono membenarkan kecelakan maut itu. ""Iya
benar, dua korban meninggal, satu anak selamat,"" kata Dedy.

  
  
  
[Gambas:Video 20detik]  

 ",www.detik.com
Dua Pengedara Motor Tabrakan di Pekulo,22 October 2022 16:03 PM,"SRONO , _Jawa Pos Radar Genteng_ – Ini menjadi peringatan bagi pemotor
agar berhati-hati. Dua motor Yamaha Mio dan Honda CBR tabrakan di jalan raya
simpang tiga Dusun Pekulo, Desa Kepundungan, Kecamatan Srono, Banyuwangi,
Kamis (20/10).

Tidak ada korban jiwa, kedua pemotor Edi Santoso, 41, warga Dusun Pekulo, Desa
Kepundungan, dan Supriyadi, 36, asal Desa Gangsang, Kecamatan Kesamben,
Kabupaten Jombang mengalami luka di beberapa bagian tubuhnya dan dibawa ke RS
Al Huda Gambiran. “Pemotor selamat semua,” cetus Plt Kanitlantas Polsek
Muncar, Aiptu Nuryadi.

Menurut Plt Kanitlantas, kecelakaan itu bermula saat Edi yang naik motor
Yamaha Mio dengan nomor polisi P 4408 UE, melaju dari arah timur. Setiba di
jalan simpang tiga Pekulo, dari arah selatan meluncur Honda CBR S 3171 QBR
yang dinaiki Supriyadi berboncengan dengan Veni, 19, warga Desa/Kecamatan
Balung, Kabupaten Jember. “Kedua motor itu tabrakan di jalan simpang tiga,”
ungkapnya.

Akibat kecelakaan itu, jelas dia, Supriyadi mengalami luka di bagian wajah,
sedang Veni luka lecet pada tangan dan kaki. “Kalau yang naik motor Yamaha Mio
luka dibagian kepala, semua dibawa ke RS Al Huda Gambiran,” ungkapnya.
(cw3/abi)

 ",www.jawapos.com
Pikap Ugal-ugalan di Blitar Tabrak Motor dan Tewaskan Pengemudinya,"Senin, 24 Okt 2022 17:02 WIB","\-

Adu moncong terjadi antara pikap dengan motor di Jalan Raya Blitar-Tulungagung
Desa Tuliskriyo Sanankulon, Blitar. Krisdiantoro (43) tewas setelah tertabrak
pikap dari arah yang berlawanan.

""Korban ini pengendara motor, kemudian untuk pengemudi dan penumpang pikap
masih selamat semua (tidak luka),"" ujar Kasubsi Penmas Humas Polres Blitar
Kota Aipda Supriyadi saat dikonfirmasi , Senin (24/10/2022).

Supriyadi mengatakan kejadian laka lantas itu bermula dari pikap yang
mendahului kendaraan di depannya. Namun, pengemudi diduga kurang memperhatikan
lalu lintas di depannya, dan menabrak motor yang juga sedang melintas dari
arah sebaliknya.

![kecelakaan di kota
blitar](https://akcdn.detik.net.id/community/media/visual/2022/10/24/kecelakaan-
di-kota-blitar-1_169.jpeg?w=620)Kondisi pikap yang menabrak motor (Foto: Dok.
Polres Kota Blitar)  
  
---  
  
""Iya tabrakan atau berbenturan dari dua arah yang berbeda. Bagian depan pikap
rusak dan motornya juga rusak berat,"" terangnya.

Mobil pikap dengan nopol DK 8509 KA itu dikendarai oleh YFS (19) dengan dua
orang penumpang lainnya. Yaitu, DFU (20) dan MR (24). YFS dan DFU merupakan
warga Kademangan, sedangkan MR warga Srengat, Kabupaten Blitar.

Supriyadi menjelaskan pihaknya sudah melakukan evakuasi terhadap korban dan
membawa korban ke rumah sakit Mardi Waluyo Blitar. Sementara, pengemudi dan
penumpang pikap masih dimintai keterangan lebih lanjut.

""Untuk supir dan penumpang masih kami mintai keterangan. Nanti kami sampaikan
informasi lebih lanjutnya,"" pungkasnya.

  
  
  
[Gambas:Video 20detik]  

 ",www.detik.com
Penampakan Pesawat Korean Air yang Tergelincir di Ujung Landasan,"Senin, 24 Okt 2022 16:55 WIB","\-

Pesawat penerbangan Korean Air KE631 tergelincir di landasan pacu di Bandara
Internasional Mactan-Cebu, Filipina pada Minggu (23/10) malam. Tidak ada
korban cedera yang dilaporkan saat pesawat berpenumpang 173 orang dan kru
tersebut tergelincir.

ADVERTISEMENT

SCROLL TO RESUME CONTENT

 ",www.detik.com
"Kabar Terkini Sumanto Purbalingga, Murung Usai Ditinggal Pengasuhnya","Minggu, 23 Okt 2022 10:00 WIB","\-

Masih ingat sosok Sumanto? Pria asal Desa Palumutan Kecamatan Kemangkon,
Purbalingga yang sempat menggegerkan setelah melakukan aksi kanibalisme. Dia
sempat didakwa dengan hukuman penjara setelah terbukti memakan mayat nenek
Rinah yang dicurinya dari kuburan pada 11 Januari 2003 silam.  
  
Kasus ini sempat menyedot perhatian karena setelah terungkap, kasus Sumanto
menjadi perdebatan hukum pasal apa yang akan diterapkan. Dikutip dari
detikcom, jaksa kala itu menjerat Sumanto dengan Pasal 362 KUHP tentang
Pencurian. Pasal ini berbunyi:  
  
_Barang siapa mengambil suatu barang yang sebagian atau seluruhnya milik orang
lain, dengan maksud untuk memiliki barang tersebut secara melawan hukum,
dipidana karena pencurian, dengan pidana penjara paling lama 5 tahun._  
  
Namun, dalam perjalanannya Sumanto hanya menjalani hukuman selama tiga tahun.
Dia dibebaskan murni setelah mendapat sejumlah remisi pada 24 Oktober 2006
silam atau tepat 16 tahun silam besok.

Setelah bebas dia ditampung di Yayasan Annur, sebuah panti rehabilitasi dan
klinik jiwa milik H Supono di Desa Bungkanel Kecamatan Karanganyar
Purbalingga. Bersama Supono, kala itu Sumanto menjalani beberapa aktivitas
seperti menemani mengisi pengajian hingga membuka pameran lukisan.  
  
Namun, Supono yang merupakan orang terdekat Sumanto meninggal akibat
kecelakaan di Kecamatan Karangreja Purbalingga pada Senin (16/3/2020).
Meninggalnya Supono sedikit banyak mempengaruhi kondisi Sumanto saat ini.  
  
DetikJateng mengunjungi Yayasan itu pada Jumat (21/10/2022). Ditemui salah
satu pengasuh yang menangani Sumanto, Singgih Prakoso mengatakan saat ini
Sumanto sangat kehilangan sosok Supono. Dia menyebut bahkan kerap kali Sumanto
sering menanyakan meskipun telah dijelaskan bahwa Mbah Pono telah tiada.

![Sumanto Purbalingga bermain tenis
meja.](https://akcdn.detik.net.id/community/media/visual/2022/10/23/sumanto-
purbalingga-bermain-tenis-meja_169.jpeg?w=620)Sumanto Purbalingga bermain
tenis meja. Foto: Dok Yayasan Annur  
  
---  
  
  
  
""Ada sedikit kendala di kita, karena meninggalnya almarhum, Sumanto belum bisa
menerima dan percaya, sosok yang sangat dikangeni dan masih ditunggu, masih
sering ditanyakan, _kok mbahe jarang mengisor_ (kok mbahnya jarang ke bawah)?""
kata Singgih menirukan.  
  
Pihaknya menyebut, karena ketidakpercayaan Sumanto atas meninggalnya sang
pengasuh membuat dia sering nampak murung. Meskipun diberi penjelasan, kata
Singgih, dia selalu menolak kepergian Supono.  
  
""Kita sudah jelaskan tapi tetap tidak percaya, _lombo lah, nesih ana koh_
(bohong masih ada kok), begitu selalu jawaban dia,"" Singgih menirukan.

  

Halaman 1  2

Selanjutnya __

  
  
  
[Gambas:Video 20detik]  

 ",www.detik.com
"Tabrakan Truk di Cangkringmalang Beji, Sopir Terjepit","Tuesday, 20 September 2022","BEJI, _Radar Bromo_ –Kecelakaan yang melibatkan tiga kendaraan besar
teradi di jalur pantura masuk Desa Cangkringmalang, Kecamatan Beji, Kabupaten
Pasuruan, Selasa pagi (20/9). Kasatlantas Polres Pasuruan, AKP Yudhi Anugrah
Putra ikut mengevakuasi sopir yang terjepit.

Informasi yang dihimpun, kecelakaan itu terjadi sekitar pukul 09.40.
Kejadiannya bermula, saat sebuah truk keluar dari pabrik kertas, PT Mega
Buana, Desa Cangkringmalang, Kecamatan Beji. Truk tersebut menyebrang jalan
dan mengarah ke Surabaya.

Saat itulah, sejumlah kendaraan berhenti. Namun, tak semuanya kendaraan
berhenti dengan baik. Karena, ada sebuah truk yang akhirnya diseruduk truk
lain.

Kasatlantas Polres Pasuruan, AKP Yudhi menjelaskan, tiga kendaraan terlibat
kecelakaan dalam insiden tersebut. Bermula dari truk L 9046 GL yang
dikemudikan Triman, warga Taman, Sidoarjo, yang menabrak truk di depannya
lantaran berhenti mendadak.

Truk yang dikemudikan Triman itu, menyasak truk lain di depannya, yang
dikemudikan Atim Jakfar, warga Wonorejo. Akibat tabrakan itu, membuat truk
nopol S 7753 UN yang dikemudikan Atim itu, menabrak kendaraan lain di
depannya. Namun, kendaraan lain di depan tersebut, memilih kabur.“Ketiga
kendaraan sama-sama dari arah Surabaya,” ujar Yudhi.

Imbas kejadian itu, Triman menderita luka. Ia terjepit antara kursi dengan
dasbor. Kebetulan, saat itu, Yudhi sedang menggelar patroli wilayah. Melihat
kejadian tersebut, ia langsung turun dari mobil patroli dan membantu
mengevakuasi kecelakaan.

1

 ",www.jawapos.com
